walk_s_t,walk_s_yaw,walk_s_pitch,walk_s_roll,walk_ns_t,walk_ns_yaw,walk_ns_pitch,walk_ns_roll,trot_s_t,trot_s_yaw,trot_s_pitch,trot_s_roll,trot_ns_t,trot_ns_yaw,trot_ns_pitch,trot_ns_roll,gallop_s_t,gallop_s_yaw,gallop_s_pitch,gallop_s_roll,gallop_ns_t,gallop_ns_yaw,gallop_ns_pitch,gallop_ns_roll
0.0,3.446794,2.053943,1.378784,0.0,0.009907,1.415372,-1.134518,0.0,4.233576,2.330588,-1.140512,0.0,-1.922589,-1.864897,-0.789506,0.0,1.345577,10.324174,2.382277,0.0,2.977102,1.605717,0.031186
0.005988023952096037,3.094921,1.840218,1.554646,0.006006006006006233,-0.294956,1.172871,-1.260286,0.012096774193547054,3.707294,2.212104,-0.847943,0.012195121951219974,-2.075541,-1.774002,-0.721057,0.021505376344086842,1.160112,9.394976,2.885989,0.022222222222223063,2.924511,0.30295,0.248601
0.011976047904192074,2.74228,1.59828,1.698682,0.012012012012012466,-0.580562,0.948732,-1.309324,0.028225806451611584,2.937014,1.975511,-0.462554,0.024390243902438144,-2.206393,-1.699091,-0.646146,0.043010752688172095,0.823207,8.044978,2.797534,0.04444444444444448,2.966391,-1.184738,0.698666
0.01796407185628811,2.360949,1.31512,1.773422,0.018018018018018698,-0.850557,0.745011,-1.290694,0.04032258064516043,2.34225,1.813938,-0.213713,0.03658536585365812,-2.318923,-1.642624,-0.569412,0.06451612903225894,0.348516,6.107187,2.189291,0.0666666666666659,3.078896,-2.792966,1.380951
0.023952095808384147,1.952438,0.984132,1.772385,0.02402402402402404,-1.090863,0.589395,-1.180065,0.05241935483870928,1.744255,1.65833,-0.013807,0.052845528455284146,-2.441903,-1.600615,-0.459183,0.08602150537634419,-0.06461,3.729776,1.710285,0.08888888888888896,3.152277,-4.209334,1.920125
0.02994011976047841,1.534725,0.614326,1.714896,0.030030030030030276,-1.307927,0.466269,-1.001134,0.06451612903225812,1.1481,1.493902,0.136904,0.06504065040650413,-2.514043,-1.599098,-0.370693,0.10752688172042944,-0.392272,1.055929,1.44071,0.11111111111111038,3.073163,-5.086096,2.068078
0.03592814371257445,1.121771,0.21542,1.620081,0.03603603603603651,-1.505871,0.361775,-0.775925,0.07661290322580518,0.558848,1.313078,0.2447,0.0772357723577241,-2.57119,-1.616005,-0.279298,0.1362007168458775,-0.751862,-2.698188,1.237072,0.13333333333333344,2.859085,-5.569836,1.729097
0.04191616766467048,0.721939,-0.201633,1.506554,0.04204204204204274,-1.688645,0.267165,-0.52312,0.0927419354838697,-0.207147,1.044021,0.342936,0.08943089430894227,-2.617185,-1.644136,-0.183769,0.15770609318996434,-1.005246,-5.468786,1.030738,0.15555555555555486,2.586498,-5.782145,1.335345
0.049900199600799125,0.204489,-0.760329,1.357822,0.04804804804804808,-1.858718,0.177206,-0.264935,0.10080645161290287,-0.577318,0.898937,0.383018,0.10162601626016224,-2.653616,-1.677919,-0.085916,0.1792114695340496,-1.221752,-8.005597,0.752982,0.17777777777777792,2.317432,-5.801911,1.109663
0.055888223552893385,-0.165862,-1.158177,1.239951,0.05405405405405432,-2.017714,0.089752,-0.016004,0.1169354838709674,-1.292108,0.608919,0.444636,0.11788617886178827,-2.687762,-1.721543,0.043302,0.20071684587813643,-1.356758,-10.146954,0.440608,0.19259259259259276,2.162909,-5.718728,1.083939
0.06187624750498942,-0.519288,-1.521014,1.115732,0.05805805805805877,-2.118894,0.032774,0.139261,0.12903225806451446,-1.804348,0.403912,0.472951,0.13008130081300825,-2.69926,-1.750414,0.141415,0.22222222222222168,-1.362622,-11.734229,0.147971,0.21481481481481418,1.957246,-5.520646,1.155689
0.06586826347305463,-0.745948,-1.73849,1.031349,0.06606606606606678,-2.307703,-0.080907,0.415393,0.1411290322580633,-2.29286,0.216418,0.486427,0.14227642276422822,-2.698321,-1.777018,0.236872,0.24372759856630855,-1.234183,-12.691119,-0.107056,0.24444444444444383,1.74324,-5.170152,1.402722
0.0718562874251489,-1.075664,-2.025608,0.906724,0.07207207207207213,-2.436787,-0.163151,0.578997,0.15725806451612784,-2.920526,-0.018124,0.489725,0.15040650406504033,-2.691473,-1.797876,0.292903,0.26523297491039377,-1.103324,-13.088542,-0.292016,0.2666666666666669,1.715685,-4.820852,1.645198
0.07984031936127753,-1.549962,-2.314249,0.758916,0.07807807807807836,-2.558784,-0.235841,0.693054,0.16532258064516098,-3.229646,-0.13356,0.491394,0.1626016260162603,-2.672745,-1.835713,0.361873,0.2867383512544806,-0.980576,-13.106995,-0.417506,0.2888888888888883,1.796961,-4.473352,1.856537
0.08383233532934097,-1.794576,-2.424441,0.698272,0.08208208208208281,-2.636694,-0.279441,0.740467,0.17741935483870805,-3.678359,-0.296392,0.499025,0.1747967479674803,-2.644303,-1.878146,0.415284,0.3082437275985659,-0.81555,-12.855779,-0.596869,0.3111111111111114,1.927507,-4.174498,1.991533
0.089820359281437,-2.14999,-2.559721,0.622811,0.09009009009009082,-2.785207,-0.347255,0.765176,0.1895161290322569,-4.101307,-0.439497,0.514615,0.18699186991869846,-2.607012,-1.920126,0.45603,0.3225806451612899,-0.689987,-12.567583,-0.74539,0.3259259259259262,2.002589,-3.978931,2.010246
0.09580838323353304,-2.475552,-2.667618,0.561423,0.09409409409409439,-2.85566,-0.366763,0.742481,0.20161290322580575,-4.49164,-0.556796,0.537274,0.19918699186991842,-2.56065,-1.958584,0.486684,0.34408602150537676,-0.494637,-12.027386,-1.016666,0.3481481481481476,2.063797,-3.686961,1.872774
0.10379241516965991,-2.838268,-2.770936,0.489522,0.10210210210210241,-2.989786,-0.374745,0.619631,0.2137096774193546,-4.841798,-0.642269,0.559302,0.2113821138211384,-2.503909,-1.990999,0.50918,0.37275985663082484,-0.365763,-11.144538,-1.400447,0.3703703703703707,2.043735,-3.42324,1.676436
0.10778443113772511,-2.985922,-2.804075,0.450635,0.10810810810810864,-3.079143,-0.365873,0.481441,0.22580645161290164,-5.140253,-0.690093,0.569353,0.22357723577235838,-2.432129,-2.010281,0.524382,0.3870967741935489,-0.406864,-10.631196,-1.542855,0.3925925925925921,1.979353,-3.211757,1.276085
0.11377245508982115,-3.168664,-2.832231,0.381903,0.1121121121121122,-3.133109,-0.353774,0.371753,0.23790322580645049,-5.37958,-0.700332,0.567454,0.23577235772357655,-2.345647,-2.017336,0.532065,0.4086021505376341,-0.551524,-9.73123,-1.710215,0.41481481481481514,1.886676,-3.031146,0.676852
0.11976047904191542,-3.308188,-2.835482,0.29632,0.12012012012012022,-3.228452,-0.314422,0.114669,0.24999999999999933,-5.555866,-0.674181,0.557686,0.24390243902439046,-2.28043,-2.01689,0.533466,0.43010752688172094,-0.750965,-8.665023,-1.842102,0.43703703703703656,1.795502,-2.840076,-0.074293
0.12774451097804404,-3.430353,-2.799492,0.152493,0.12612612612612645,-3.289366,-0.271382,-0.108473,0.26209677419354815,-5.672194,-0.613072,0.547069,0.2601626016260165,-2.13328,-2.01184,0.530912,0.4516129032258062,-0.980746,-7.445531,-1.951038,0.45925925925925964,1.71609,-2.59893,-0.766233
0.1317365269461075,-3.464787,-2.762001,0.067727,0.1301301301301309,-3.324863,-0.236544,-0.269659,0.27419354838709525,-5.790954,-0.506806,0.550882,0.2682926829268286,-2.051438,-2.006427,0.528408,0.48028673835125424,-1.333308,-5.536738,-2.066484,0.48148148148148107,1.645896,-2.307168,-1.317444
0.1377245508982035,-3.485173,-2.676009,-0.076716,0.13613613613613623,-3.369826,-0.176426,-0.525184,0.2862903225806441,-5.947866,-0.357716,0.565204,0.2845528455284546,-1.872263,-1.989286,0.529928,0.5017921146953411,-1.67248,-4.011825,-2.149764,0.5037037037037041,1.580518,-1.988341,-1.727945
0.14371257485029956,-3.469038,-2.556543,-0.233358,0.14214214214214246,-3.404507,-0.10855,-0.788095,0.2943548387096772,-6.071955,-0.240213,0.577363,0.29268292682926855,-1.774865,-1.978135,0.537245,0.5161290322580652,-1.939158,-3.01184,-2.213313,0.5259259259259256,1.518857,-1.681901,-2.032853
0.14970059880239558,-3.41677,-2.404913,-0.394815,0.1481481481481487,-3.428633,-0.036169,-1.044044,0.3064516129032243,-6.265738,-0.046395,0.612581,0.3048780487804885,-1.618079,-1.959103,0.555637,0.5376344086021504,-2.35388,-1.597747,-2.33208,0.5481481481481486,1.471484,-1.372599,-2.256364
0.15568862275449163,-3.329612,-2.221746,-0.557469,0.15415415415415495,-3.442036,0.036561,-1.277504,0.31854838709677313,-6.445367,0.169437,0.68165,0.3170731707317067,-1.446767,-1.938439,0.581728,0.5591397849462372,-2.743414,-0.334538,-2.478824,0.57037037037037,1.439755,-1.067539,-2.419117
0.16167664670658766,-3.252822,-2.016976,-0.713839,0.1601601601601603,-3.444605,0.107831,-1.480734,0.33064516129032195,-6.605124,0.418173,0.787667,0.3292682926829267,-1.258811,-1.917248,0.614703,0.5806451612903225,-3.066121,0.747501,-2.643809,0.5925925925925931,1.423778,-0.770166,-2.538732
0.16966067864271453,-3.195078,-1.723195,-0.932792,0.16616616616616653,-3.436079,0.18036,-1.658711,0.34274193548387083,-6.776703,0.6799,0.915876,0.34146341463414664,-1.054083,-1.895249,0.654096,0.6021505376344093,-3.287976,1.631218,-2.818257,0.607407407407408,1.421046,-0.576709,-2.601522
0.17365269461077798,-3.175106,-1.571129,-1.056537,0.17217217217217276,-3.416748,0.255881,-1.819183,0.3548387096774179,-6.958556,0.94496,1.055821,0.3536585365853666,-0.83393,-1.876088,0.696207,0.6236559139784946,-3.382598,2.311994,-2.997454,0.6296296296296293,1.426153,-0.292451,-2.678786
0.179640718562874,-3.132811,-1.339418,-1.268688,0.178178178178179,-3.3867,0.332629,-1.960949,0.36693548387096675,-7.146003,1.207001,1.197765,0.3658536585365848,-0.598807,-1.857567,0.740465,0.6451612903225814,-3.328071,2.79616,-3.181342,0.659259259259259,1.436214,0.072423,-2.781937
0.18562874251497005,-3.057516,-1.10861,-1.510749,0.18218218218218254,-3.359476,0.379447,-2.032815,0.37903225806451557,-7.327992,1.45846,1.339111,0.3739837398373987,-0.434168,-1.842654,0.773268,0.6666666666666666,-3.136562,3.095532,-3.382408,0.6740740740740738,1.438884,0.250543,-2.837559
0.19361277445109867,-2.988993,-0.91629,-1.833194,0.18818818818818878,-3.307283,0.444169,-2.108779,0.39112903225806445,-7.465132,1.668998,1.482411,0.3861788617886187,-0.172587,-1.820812,0.824368,0.6881720430107535,-2.833832,3.264755,-3.587866,0.7037037037037035,1.43642,0.607732,-2.952055
0.19960079840319295,-2.982401,-0.822849,-2.067292,0.19419419419419412,-3.240932,0.50781,-2.165025,0.4032258064516115,-7.47108,1.740137,1.593533,0.39837398373983685,0.110929,-1.799964,0.868037,0.7096774193548387,-2.420039,3.391166,-3.750288,0.7185185185185183,1.431904,0.792544,-3.008783
0.205588822355289,-3.007476,-0.735812,-2.293438,0.20020020020020035,-3.160486,0.590056,-2.278016,0.4153225806451603,-7.3228,1.755206,1.708612,0.4105691056910568,0.411047,-1.793469,0.906194,0.7311827956989256,-1.833265,3.674975,-3.628447,0.7481481481481479,1.413682,1.1795,-3.142693
0.21157684630738502,-3.062802,-0.629496,-2.50802,0.20820820820820837,-3.032002,0.731824,-2.500574,0.43145161290322487,-6.993914,1.762352,1.864797,0.41869918699187075,0.621176,-1.794004,0.942548,0.7526881720430109,-1.121365,4.065631,-3.223794,0.7629629629629627,1.398831,1.376227,-3.234365
0.21756487025948107,-3.146356,-0.467997,-2.695154,0.21221221221221281,-2.962853,0.805452,-2.614796,0.439516129032258,-6.814122,1.762661,1.944132,0.43089430894308894,0.947949,-1.80612,1.028487,0.7741935483870978,-0.461815,4.582193,-2.559286,0.7925925925925924,1.362603,1.763411,-3.476018
0.2235528942115771,-3.20044,-0.221473,-2.84585,0.21821821821821816,-2.855131,0.91482,-2.773722,0.45564516129032256,-6.389004,1.784623,2.054728,0.4430894308943089,1.278522,-1.78743,1.119341,0.8028673835125457,-0.012591,5.707193,-1.602571,0.8074074074074072,1.341148,1.938281,-3.589921
0.22954091816367314,-3.249538,0.105422,-2.957164,0.2242242242242244,-2.74435,1.027446,-2.919936,0.4637096774193539,-6.124351,1.830467,2.049765,0.4552845528455289,1.618891,-1.748585,1.213808,0.8172043010752698,0.05191,6.381779,-1.141513,0.8296296296296303,1.285222,2.105912,-3.701283
0.23552894211576916,-3.303334,0.479193,-3.024496,0.2322322322322324,-2.579817,1.176419,-3.029678,0.47580645161290275,-5.694812,1.923399,1.929477,0.467479674796747,1.957875,-1.674693,1.307879,0.8458781362007178,-0.091852,7.838211,-0.300875,0.8518518518518517,1.167692,1.995017,-3.526445
0.2415169660678652,-3.363328,0.863864,-3.048564,0.23823823823823864,-2.445511,1.280164,-3.042139,0.4879032258064516,-5.222284,2.090359,1.65022,0.47967479674796704,2.254131,-1.510993,1.353062,0.8602150537634419,-0.311885,8.594783,0.076711,0.8740740740740748,0.998057,1.659401,-3.122675
0.24950099800399206,-3.51223,1.3025,-3.028178,0.24424424424424487,-2.319674,1.355181,-2.999913,0.49999999999999867,-4.710016,2.311352,1.236756,0.491869918699187,2.51228,-1.34274,1.412174,0.88888888888889,-1.049035,10.084609,0.72233,0.8962962962962963,0.812538,1.233831,-2.624294
0.2554890219560881,-3.698381,1.529006,-2.986485,0.24824824824824845,-2.240546,1.410063,-2.971184,0.5120967741935475,-4.210219,2.379431,0.805968,0.5040650406504069,2.739748,-1.192037,1.464876,0.9103942652329752,-1.759903,11.180923,1.072598,0.9185185185185193,0.64144,0.802316,-2.125911
0.26147704590818416,-3.915989,1.682175,-2.934878,0.2542542542542547,-2.128003,1.502575,-2.932893,0.5241935483870963,-3.721158,2.278078,0.430515,0.5162601626016251,2.933396,-1.070615,1.477156,0.9318996415770621,-2.453525,12.199714,1.346046,0.9407407407407407,0.498012,0.331639,-1.690824
0.2674650698602802,-4.139106,1.776206,-2.880017,0.2602602602602609,-2.021463,1.601288,-2.893479,0.5362903225806452,-3.198608,2.043947,0.15258,0.5284552845528451,3.095964,-0.980837,1.448767,0.9534050179211473,-3.014999,13.014289,1.614978,0.9629629629629621,0.400927,-0.228894,-1.262414
0.2714570858283436,-4.280968,1.812372,-2.844139,0.26626626626626626,-1.924593,1.699101,-2.832636,0.5483870967741923,-2.652941,1.709898,-0.014966,0.540650406504065,3.231641,-0.920942,1.384177,0.9749103942652342,-3.373211,13.506692,1.998065,0.9851851851851852,0.386517,-0.975098,-1.025205
0.2774451097804396,-4.470657,1.853417,-2.794847,0.27227227227227246,-1.842768,1.778558,-2.741374,0.5645161290322568,-1.909735,1.161907,-0.092553,0.5569105691056911,3.37887,-0.882991,1.254769,0.9964157706093194,-3.395651,13.563592,2.534352,1.0074074074074066,0.456923,-1.922625,-0.921726
0.2834331337325357,-4.633129,1.892156,-2.756346,0.2782782782782787,-1.786772,1.833489,-2.629208,0.5766129032258056,-1.320858,0.715248,-0.128909,0.5650406504065032,3.440721,-0.87985,1.175522,1.0179211469534046,-3.134606,12.959664,3.307526,1.0296296296296297,0.598234,-3.040883,-0.818955
0.28942115768462995,-4.772631,1.938697,-2.730288,0.2842842842842849,-1.769875,1.866705,-2.50619,0.5887096774193544,-0.724426,0.277222,-0.177992,0.5772357723577232,3.519995,-0.89094,1.043529,1.0322580645161288,-2.893102,12.245102,3.727865,1.0518518518518511,0.792059,-4.258776,-0.56548
0.29540918163672597,-4.900034,2.006714,-2.717366,0.2902902902902903,-1.786278,1.891502,-2.375876,0.6008064516129034,-0.126845,-0.133114,-0.226142,0.5894308943089431,3.583776,-0.913949,0.894057,1.0609318996415766,-2.493092,10.363524,3.707923,1.0740740740740742,1.019683,-5.51134,-0.147653
0.30339321357285465,-5.071372,2.147487,-2.724569,0.2962962962962965,-1.829695,1.920596,-2.244469,0.6129032258064504,0.464776,-0.500511,-0.263873,0.6016260162601631,3.632308,-0.943867,0.735301,1.0824372759856635,-2.328005,8.573854,3.03049,1.088888888888889,1.18207,-6.345646,0.218683
0.30738522954091807,-5.16818,2.249834,-2.743287,0.30230230230230276,-1.898801,1.959056,-2.119931,0.6249999999999992,1.043867,-0.815074,-0.285982,0.6138211382113813,3.666257,-0.978588,0.578677,1.1039426523297489,-2.295064,6.375895,2.07791,1.1111111111111103,1.421827,-7.571843,0.848787
0.3153692614770467,-5.347916,2.489694,-2.792585,0.30630630630630634,-1.957552,1.990183,-2.044092,0.6330645161290306,1.407275,-0.971432,-0.275578,0.6260162601626013,3.681784,-1.019459,0.43706,1.1254480286738358,-2.334324,3.88146,1.256406,1.1333333333333335,1.604537,-8.685598,1.296875
0.32135728542914094,-5.447793,2.679775,-2.826131,0.31231231231231255,-2.062311,2.042911,-1.943767,0.6491935483870951,2.051353,-1.138491,-0.208586,0.6382113821138212,3.678238,-1.065267,0.314677,1.1469534050179209,-2.427789,1.21975,0.562753,1.1555555555555548,1.571611,-9.331036,0.990373
0.327345309381237,-5.504108,2.864001,-2.847224,0.3183183183183188,-2.184692,2.099757,-1.861083,0.6612903225806439,2.455428,-1.160145,-0.153057,0.6504065040650412,3.65733,-1.113521,0.210655,1.1684587813620078,-2.576927,-1.502036,0.012304,1.177777777777778,1.361494,-9.63312,0.082254
0.33333333333333304,-5.493205,3.013383,-2.845614,0.324324324324325,-2.322214,2.160776,-1.794295,0.6733870967741928,2.790078,-1.113752,-0.11517,0.6626016260162594,3.62273,-1.163333,0.120638,1.189964157706093,-2.771717,-4.19999,-0.437009,1.1999999999999993,1.120039,-9.693975,-0.897189
0.33932135728542906,-5.422773,3.137556,-2.822425,0.3303303303303304,-2.471014,2.225724,-1.741013,0.6854838709677417,3.058619,-1.016187,-0.105046,0.6707317073170733,3.593073,-1.197295,0.067678,1.2114695340501798,-2.98166,-6.9362,-0.871625,1.2222222222222223,0.952948,-9.464004,-1.530705
0.34530938123752514,-5.315327,3.252256,-2.790164,0.3363363363363366,-2.628095,2.294526,-1.698237,0.6975806451612887,3.285866,-0.902453,-0.134875,0.6829268292682933,3.5391,-1.249075,-0.001091,1.232974910394265,-3.219398,-9.456296,-1.285108,1.2444444444444438,0.854702,-9.006881,-1.986766
0.35129740518962116,-5.181143,3.337525,-2.759036,0.34234234234234284,-2.788299,2.363831,-1.661361,0.7096774193548375,3.512847,-0.82011,-0.211289,0.6951219512195115,3.480865,-1.298164,-0.05634,1.254480286738352,-3.506468,-11.506949,-1.655007,1.2666666666666668,0.818261,-8.397515,-2.402672
0.3572854291417172,-5.04356,3.394966,-2.721854,0.34834834834834905,-2.946388,2.429081,-1.635407,0.7217741935483863,3.740439,-0.768658,-0.312183,0.7073170731707314,3.420937,-1.341989,-0.10072,1.2903225806451613,-4.020496,-13.678676,-2.216585,1.2888888888888883,0.834465,-7.668722,-2.760956
0.3632734530938132,-4.948567,3.428686,-2.678979,0.3543543543543544,-3.099609,2.491556,-1.616018,0.7298387096774178,3.891234,-0.750124,-0.383862,0.7195121951219514,3.358139,-1.37957,-0.135926,1.3046594982078852,-4.132044,-14.233804,-2.435159,1.3111111111111113,0.875804,-6.905567,-2.881683
0.3692614770459075,-4.89758,3.439583,-2.62192,0.3583583583583589,-3.198432,2.533196,-1.604684,0.7419354838709666,4.11258,-0.741594,-0.487604,0.7317073170731714,3.284076,-1.409007,-0.16649,1.3333333333333333,-4.191603,-14.82265,-2.692567,1.3259259259259262,0.917058,-6.39821,-2.851156
0.3752495009980035,-4.883192,3.435462,-2.534798,0.3663663663663669,-3.384204,2.621622,-1.58338,0.7540322580645155,4.307993,-0.732278,-0.571618,0.7439024390243896,3.194385,-1.430152,-0.198763,1.3548387096774201,-4.081001,-14.852229,-2.804588,1.3481481481481477,1.003624,-5.684844,-2.653737
0.38123752495009955,-4.904331,3.419606,-2.415174,0.3723723723723731,-3.510995,2.693518,-1.564598,0.7661290322580643,4.459279,-0.673559,-0.629616,0.7560975609756095,3.088752,-1.444926,-0.230847,1.3763440860215055,-3.818096,-14.243599,-2.961602,1.3703703703703707,1.110426,-5.085308,-2.331544
0.38722554890219557,-4.946091,3.388767,-2.279428,0.37837837837837845,-3.625567,2.767374,-1.536578,0.7782258064516113,4.590247,-0.5536,-0.678365,0.7682926829268295,2.965694,-1.458237,-0.259321,1.4050179211469536,-3.4974,-12.866897,-3.252383,1.3925925925925922,1.187028,-4.571199,-1.946185
0.39520958083832425,-4.985106,3.34046,-2.067372,0.38438438438438466,-3.726704,2.836401,-1.489058,0.7903225806451603,4.719783,-0.382743,-0.727525,0.7804878048780495,2.825444,-1.470273,-0.284024,1.4265232974910402,-3.392181,-11.801154,-3.383687,1.4148148148148152,1.205508,-4.096067,-1.651053
0.39920159680638767,-5.007137,3.311672,-1.950291,0.3903903903903909,-3.812602,2.902042,-1.4266,0.8024193548387091,4.857548,-0.18227,-0.781602,0.7926829268292677,2.670196,-1.47886,-0.307,1.4480286738351256,-3.382757,-10.71858,-3.369351,1.4370370370370367,1.178088,-3.631148,-1.582085
0.4051896207584837,-5.059852,3.259994,-1.769029,0.3963963963963972,-3.880574,2.964595,-1.354595,0.8145161290322579,5.014951,0.022014,-0.846443,0.8008130081300816,2.560118,-1.48059,-0.323605,1.4695340501792125,-3.447922,-9.55025,-3.252943,1.4518518518518515,1.149474,-3.313114,-1.663028
0.4131736526946106,-5.176768,3.185755,-1.53733,0.4024024024024025,-3.926393,3.021462,-1.274192,0.8266129032258049,5.216206,0.2314,-0.92727,0.8170731707317076,2.322191,-1.475681,-0.359416,1.4838709677419364,-3.529705,-8.729734,-3.133312,1.4740740740740745,1.102043,-2.789122,-1.848934
0.4191616766467066,-5.309291,3.164789,-1.396075,0.40840840840840875,-3.947267,3.072144,-1.186358,0.8387096774193538,5.451256,0.446827,-1.019173,0.8292682926829276,2.126615,-1.468037,-0.388832,1.5053763440860217,-3.662756,-7.444757,-2.924183,1.4962962962962958,1.050077,-2.17646,-1.954538
0.42514970059880264,-5.522455,3.188863,-1.297022,0.41241241241241317,-3.942149,3.09678,-1.114053,0.8508064516129027,5.709664,0.667501,-1.119205,0.8414634146341458,1.914239,-1.465284,-0.42359,1.5340501792114698,-3.726754,-5.685398,-2.648538,1.518518518518519,1.007473,-1.46676,-1.927562
0.42914171656686606,-5.696629,3.2257,-1.245261,0.41841841841841854,-3.908229,3.126943,-1.002759,0.8629032258064515,5.979542,0.892586,-1.229424,0.8536585365853657,1.684234,-1.462547,-0.461477,1.5555555555555567,-3.682074,-4.379768,-2.45281,1.5407407407407403,0.979685,-0.697123,-1.754296
0.43512974051896214,-5.975915,3.300646,-1.183289,0.42442442442442474,-3.841134,3.148298,-0.888274,0.8749999999999986,6.22704,1.111184,-1.350159,0.8658536585365857,1.436311,-1.456961,-0.503548,1.5770609318996418,-3.562395,-3.106618,-2.267562,1.5629629629629633,0.963514,0.097618,-1.450955
0.44111776447105816,-6.236365,3.383325,-1.13359,0.430430430430431,-3.740071,3.156237,-0.765644,0.8870967741935474,6.411108,1.305062,-1.471552,0.8780487804878057,1.17368,-1.461732,-0.55114,1.5985663082437287,-3.354387,-1.854152,-2.088059,1.5851851851851848,0.957636,0.902199,-1.031334
0.449101796407185,-6.420851,3.461901,-1.060818,0.4364364364364363,-3.607107,3.145514,-0.628614,0.8991935483870962,6.532069,1.454753,-1.581424,0.8902439024390238,0.88616,-1.475993,-0.602451,1.620071684587814,-3.037265,-0.604566,-1.910862,1.6074074074074078,0.964833,1.695453,-0.537393
0.4530938123752502,-6.395086,3.470041,-1.011235,0.4424424424424426,-3.45984,3.150556,-0.464119,0.9112903225806451,6.580693,1.493189,-1.66405,0.8983739837398378,0.679234,-1.49021,-0.63927,1.6415770609319007,-2.64045,0.567536,-1.735601,1.6296296296296293,0.983968,2.454955,-0.020861
0.4590818363273463,-6.207577,3.420301,-0.935747,0.4484484484484488,-3.297104,3.169933,-0.281646,0.9233870967741922,6.566743,1.42488,-1.743978,0.9146341463414638,0.248328,-1.523721,-0.723826,1.663082437275986,-2.188759,1.591012,-1.559326,1.6518518518518523,1.012024,3.169457,0.479591
0.46506986027944053,-5.882737,3.302851,-0.878809,0.45445445445445504,-3.107539,3.186431,-0.096408,0.935483870967741,6.507061,1.285067,-1.825264,0.9268292682926838,-0.08718,-1.552083,-0.776221,1.684587813620073,-1.701683,2.398434,-1.37927,1.6666666666666672,1.035261,3.625835,0.800684
0.47504990019960175,-5.179445,3.037892,-0.838932,0.46046046046046035,-2.886965,3.182898,0.079976,0.9475806451612898,6.422046,1.197044,-1.912869,0.9349593495934959,-0.305574,-1.538056,-0.763881,1.706093189964158,-1.215974,2.912387,-1.186977,1.6962962962962969,1.09286,4.507531,1.414579
0.4790419161676652,-4.860323,2.921775,-0.86201,0.4664664664664666,-2.640359,3.125424,0.227145,0.9596774193548386,6.315578,1.172728,-2.000835,0.9512195121951219,-0.736424,-1.491688,-0.681144,1.727598566308245,-0.769524,3.150545,-0.971964,1.7111111111111117,1.12736,4.939931,1.705605
0.4870259481037921,-4.148423,2.667171,-0.992203,0.4724724724724728,-2.373408,2.989143,0.389953,0.9717741935483857,6.143369,1.20038,-2.029419,0.9593495934959341,-0.947605,-1.465079,-0.628976,1.741935483870969,-0.496952,3.189198,-0.8193,1.7333333333333332,1.184859,5.584003,2.111621
0.4930139720558881,-3.595825,2.468592,-1.148122,0.4784784784784791,-2.092686,2.786842,0.583943,0.9838709677419346,5.871944,1.290004,-1.911502,0.971544715447154,-1.244345,-1.383607,-0.547386,1.7706093189964172,0.043089,3.30353,-0.511573,1.7555555555555562,1.247348,6.225565,2.476158
0.4990019960079841,-3.070979,2.251644,-1.34579,0.4844844844844844,-1.791148,2.52906,0.798341,0.9959677419354834,5.453997,1.425965,-1.596928,0.983739837398374,-1.507063,-1.232145,-0.48913,1.7921146953405023,0.458238,3.907757,-0.27444,1.7777777777777777,1.31223,6.865938,2.791702
0.5049900199600802,-2.617361,2.036741,-1.553325,0.49049049049049065,-1.462536,2.239782,1.044208,1.0080645161290323,4.962586,1.59606,-1.113426,0.995934959349594,-1.750153,-1.077015,-0.474432,1.8136200716845892,0.711665,5.246989,0.002995,1.8000000000000007,1.376696,7.50471,3.048504
0.5109780439121762,-2.226015,1.762608,-1.728314,0.4964964964964969,-1.135246,1.960135,1.277151,1.0201612903225794,4.44267,1.734114,-0.541685,1.008130081300812,-1.969042,-0.940858,-0.46659,1.8351254480286745,0.860148,6.789534,0.31249,1.822222222222222,1.437643,8.1414,3.228586
0.5169660678642722,-1.883923,1.440644,-1.842765,0.5025025025025032,-0.830146,1.708426,1.445108,1.0322580645161281,3.911412,1.803461,-0.014305,1.020325203252032,-2.158606,-0.840692,-0.446697,1.8566308243727612,0.947458,8.42847,0.523052,1.8518518518518516,1.445347,8.831601,3.341301
0.5229540918163683,-1.575535,1.103743,-1.888173,0.5085085085085085,-0.542515,1.475632,1.541688,1.044354838709677,3.379965,1.809801,0.414085,1.032520325203252,-2.322997,-0.774663,-0.409014,1.8781362007168465,1.034258,10.108704,0.613299,1.8666666666666665,1.373785,8.971268,3.451885
0.5289421157684625,-1.289453,0.778931,-1.869054,0.5145145145145147,-0.268992,1.256278,1.561752,1.0564516129032258,2.855503,1.75692,0.708397,1.044715447154472,-2.466088,-0.73352,-0.363775,1.8924731182795707,1.106753,11.208576,0.615374,1.888888888888888,1.155896,8.888169,3.673029
0.5349301397205586,-1.009182,0.430906,-1.78051,0.5205205205205209,-0.015621,1.062121,1.498566,1.068548387096773,2.334211,1.604584,0.804517,1.0569105691056901,-2.589189,-0.712385,-0.31253,1.9211469534050187,1.323197,13.01718,0.582362,1.911111111111111,0.84006,8.583902,3.759422
0.5409181636726547,-0.715244,0.027987,-1.640668,0.5265265265265272,0.207602,0.909824,1.34702,1.0846774193548374,1.645781,1.259554,0.742767,1.0691056910569101,-2.692793,-0.709949,-0.252653,1.9354838709677427,1.440587,13.644747,0.605081,1.9407407407407407,0.368149,8.046862,3.71447
0.5469061876247506,-0.416289,-0.390744,-1.492916,0.5325325325325325,0.405417,0.782159,1.152635,1.0967741935483863,1.136724,0.915713,0.63193,1.0772357723577242,-2.748692,-0.720808,-0.209247,1.956989247311828,1.490642,14.210834,0.720189,1.9555555555555555,0.137313,7.786955,3.633213
0.550898203592814,-0.215882,-0.665946,-1.396872,0.5385385385385387,0.58332,0.667539,0.93595,1.108870967741935,0.640408,0.522985,0.507283,1.0894308943089424,-2.811812,-0.755757,-0.142958,1.9784946236559147,1.418172,14.353151,0.90937,1.9851851851851852,-0.26198,7.254366,3.502141
0.5568862275449101,0.08586,-1.061278,-1.260486,0.5445445445445449,0.746905,0.558799,0.703807,1.120967741935484,0.167328,0.117464,0.401536,1.1016260162601623,-2.852224,-0.809013,-0.078725,2.0,1.370011,14.253731,1.1691,2.0,-0.39243,6.966604,3.469315
0.5668662674650696,0.628695,-1.666154,-1.055049,0.5505505505505512,0.900957,0.452699,0.465994,1.1330645161290311,-0.285905,-0.261528,0.344864,1.1138211382113823,-2.874086,-0.875443,-0.021712,,,,,,,,
0.570858283433133,0.867387,-1.884055,-0.978464,0.5545545545545547,0.99974,0.382886,0.308939,1.1451612903225799,-0.738069,-0.607921,0.330983,1.1260162601626023,-2.882672,-0.949391,0.022945,,,,,,,,
0.576846307385229,1.238723,-2.173132,-0.867236,0.560560560560561,1.143038,0.279603,0.081479,1.1572580645161288,-1.20065,-0.918229,0.348651,1.1382113821138204,-2.878249,-1.027584,0.056845,,,,,,,,
0.5848303393213578,1.741699,-2.475021,-0.721517,0.5665665665665672,1.281902,0.180231,-0.122786,1.1733870967741933,-1.834251,-1.274158,0.401882,1.1504065040650404,-2.86328,-1.103561,0.085701,,,,,,,,
0.5888223552894212,1.989164,-2.587819,-0.648308,0.5725725725725725,1.417527,0.087897,-0.290833,1.1814516129032246,-2.172795,-1.432241,0.437303,1.1626016260162604,-2.842226,-1.168816,0.118415,,,,,,,,
0.5948103792415171,2.335613,-2.687215,-0.532483,0.5785785785785789,1.551429,0.006977,-0.409631,1.1975806451612891,-2.846223,-1.679567,0.530409,1.1747967479674803,-2.815112,-1.223515,0.153441,,,,,,,,
0.6007984031936132,2.641908,-2.714232,-0.409337,0.5845845845845851,1.691174,-0.050959,-0.44773,1.2056451612903223,-3.175567,-1.774947,0.579305,1.1869918699186985,-2.777319,-1.273038,0.183989,,,,,,,,
0.6067864271457093,2.902815,-2.69256,-0.280227,0.5905905905905913,1.82708,-0.092733,-0.423442,1.2177419354838694,-3.651011,-1.889681,0.644861,1.1991869918699185,-2.727011,-1.319441,0.206782,,,,,,,,
0.6127744510978053,3.116142,-2.644357,-0.146173,0.5965965965965966,1.95084,-0.126077,-0.366437,1.233870967741934,-4.230854,-1.999816,0.701681,1.2113821138211385,-2.664747,-1.362179,0.221837,,,,,,,,
0.6187624750498996,3.292582,-2.605234,-0.008491,0.6026026026026029,2.066286,-0.151554,-0.277724,1.2459677419354827,-4.603736,-2.064403,0.692627,1.2195121951219505,-2.616772,-1.39142,0.224045,,,,,,,,
0.6247504990019956,3.454315,-2.604507,0.138719,0.6086086086086091,2.173609,-0.167776,-0.161766,1.2580645161290316,-4.907582,-2.093969,0.657903,1.2357723577235766,-2.505789,-1.454213,0.210607,,,,,,,,
0.6307385229540916,3.608413,-2.613922,0.292883,0.6146146146146153,2.271835,-0.172568,-0.012206,1.2701612903225805,-5.138487,-2.068948,0.622349,1.2479674796747966,-2.410138,-1.501604,0.195067,,,,,,,,
0.6367265469061877,3.758599,-2.613201,0.449758,0.6206206206206206,2.359262,-0.161867,0.186729,1.2822580645161274,-5.305484,-1.974765,0.607624,1.2601626016260166,-2.305057,-1.541828,0.193674,,,,,,,,
0.6427145708582837,3.905909,-2.589138,0.607619,0.6266266266266269,2.431641,-0.14426,0.402608,1.2903225806451606,-5.387767,-1.872314,0.615207,1.2723577235772365,-2.189619,-1.575187,0.204901,,,,,,,,
0.6487025948103797,4.045081,-2.511056,0.779933,0.6326326326326331,2.490863,-0.126513,0.605734,1.306451612903225,-5.500002,-1.560697,0.694947,1.2845528455284547,-2.061233,-1.603939,0.224321,,,,,,,,
0.6546906187624758,4.179021,-2.329042,0.970349,0.6366366366366367,2.525805,-0.114759,0.730076,1.318548387096774,-5.545633,-1.228779,0.819348,1.2967479674796747,-1.916453,-1.630031,0.249261,,,,,,,,
0.6606786427145718,4.309351,-2.053409,1.163308,0.6426426426426429,2.572397,-0.095421,0.902613,1.3306451612903212,-5.572128,-0.836974,0.981271,1.3048780487804885,-1.811165,-1.645628,0.269345,,,,,,,,
0.6666666666666661,4.423561,-1.711868,1.358173,0.6486486486486491,2.612774,-0.073847,1.05629,1.3427419354838699,-5.591894,-0.410336,1.162243,1.3211382113821146,-1.57865,-1.679624,0.315281,,,,,,,,
0.6726546906187622,4.511493,-1.326121,1.558112,0.6546546546546553,2.648521,-0.049423,1.189064,1.3548387096774188,-5.623311,0.004016,1.335018,1.3333333333333328,-1.382463,-1.711226,0.352061,,,,,,,,
0.6786427145708581,4.572587,-0.906388,1.754424,0.6606606606606608,2.681646,-0.02215,1.304798,1.3709677419354833,-5.771144,0.327172,1.470524,1.3455284552845528,-1.16605,-1.743199,0.391623,,,,,,,,
0.6846307385229542,4.614853,-0.474242,1.932944,0.666666666666667,2.713169,0.008575,1.41399,1.3790322580645147,-5.878031,0.402011,1.506399,1.3536585365853666,-1.014536,-1.761761,0.426146,,,,,,,,
0.6906187624750503,4.668886,-0.091959,2.047445,0.6706706706706714,2.732888,0.031125,1.484387,1.3951612903225792,-6.115966,0.444515,1.548263,1.3699186991869927,-0.701287,-1.798714,0.519874,,,,,,,,
0.6966067864271462,4.736864,0.250982,2.108532,0.6766766766766767,2.759078,0.067922,1.582043,1.4032258064516123,-6.219461,0.428181,1.542209,1.3780487804878048,-0.53892,-1.820769,0.575444,,,,,,,,
0.7025948103792423,4.817713,0.565346,2.134249,0.682682682682683,2.779629,0.108489,1.665451,1.4153225806451613,-6.322418,0.364966,1.500644,1.3902439024390247,-0.281316,-1.853109,0.661186,,,,,,,,
0.7085828343313383,4.910682,0.863873,2.137913,0.6886886886886893,2.79313,0.153447,1.729737,1.4274193548387082,-6.323347,0.37711,1.507956,1.4024390243902447,-0.006266,-1.882551,0.76645,,,,,,,,
0.7145708582834326,5.00972,1.144207,2.136906,0.6946946946946946,2.798755,0.20321,1.77103,1.4395161290322571,-6.272792,0.459069,1.544091,1.414634146341463,0.282454,-1.922748,0.894003,,,,,,,,
0.7225548902195612,5.137507,1.476026,2.151334,0.7007007007007008,2.793453,0.258796,1.787092,1.451612903225806,-6.187739,0.572822,1.607414,1.4268292682926829,0.589126,-1.978307,1.031339,,,,,,,,
0.7265469061876246,5.194512,1.620422,2.170361,0.706706706706707,2.776222,0.32271,1.787093,1.4637096774193548,-6.068358,0.694092,1.685213,1.4390243902439028,0.892961,-1.988056,1.120253,,,,,,,,
0.7345309381237534,5.287888,1.849641,2.245103,0.7127127127127133,2.746664,0.398401,1.784252,1.475806451612902,-5.915034,0.803374,1.75417,1.4512195121951228,1.202327,-1.96542,1.193457,,,,,,,,
0.7405189620758493,5.347618,1.969604,2.330704,0.7187187187187186,2.702079,0.489862,1.800846,1.4879032258064506,-5.703536,0.841054,1.761051,1.463414634146341,1.50199,-1.918477,1.231242,,,,,,,,
0.7465069860279436,5.41434,2.066055,2.426287,0.7247247247247248,2.644108,0.599328,1.837964,1.4999999999999996,-5.444511,0.837121,1.66197,1.475609756097561,1.755711,-1.761342,1.197428,,,,,,,,
0.7524950099800396,5.483694,2.139316,2.52202,0.7287287287287293,2.597613,0.682053,1.868923,1.5120967741935485,-5.135744,0.796279,1.462498,1.487804878048781,1.961519,-1.590006,1.125496,,,,,,,,
0.7564870259481049,5.524394,2.171768,2.583774,0.7347347347347346,2.507764,0.81636,1.898797,1.5241935483870954,-4.753491,0.745415,1.199874,1.4999999999999991,2.139597,-1.451734,1.104791,,,,,,,,
0.7624750499001991,5.559005,2.19248,2.675553,0.7407407407407409,2.397232,0.961946,1.920493,1.5362903225806444,-4.306863,0.686725,0.929813,1.512195121951219,2.296072,-1.345174,1.097414,,,,,,,,
0.7684630738522952,5.557706,2.194792,2.756491,0.7467467467467471,2.290849,1.094758,1.93879,1.548387096774193,-3.851545,0.625216,0.708543,1.524390243902439,2.42987,-1.26863,1.067721,,,,,,,,
0.7744510978043911,5.537956,2.201419,2.820401,0.7527527527527533,2.204638,1.212162,1.93591,1.560483870967742,-3.402446,0.560116,0.530548,1.532520325203251,2.505161,-1.233095,1.028861,,,,,,,,
0.7804391217564872,5.50022,2.219811,2.867364,0.7587587587587586,2.141152,1.317029,1.912372,1.5725806451612891,-2.967671,0.489776,0.385471,1.544715447154471,2.599956,-1.199659,0.947117,,,,,,,,
0.7864271457085833,5.45525,2.258125,2.902583,0.764764764764765,2.10306,1.414577,1.882681,1.5846774193548379,-2.554156,0.414126,0.264907,1.556910569105691,2.675604,-1.185554,0.845742,,,,,,,,
0.7924151696606793,5.423017,2.326391,2.935694,0.7707707707707712,2.093807,1.512162,1.864063,1.5967741935483868,-2.165674,0.336252,0.164482,1.569105691056911,2.734606,-1.185123,0.739666,,,,,,,,
0.7984031936127753,5.406761,2.428371,2.965625,0.7767767767767774,2.114294,1.589502,1.831857,1.6048387096774182,-1.900502,0.273658,0.107853,1.5813008130081292,2.779094,-1.196073,0.633583,,,,,,,,
0.8043912175648696,5.402522,2.561276,2.988713,0.7827827827827827,2.14839,1.654914,1.783725,1.6209677419354827,-1.331161,0.118246,0.014209,1.5934959349593492,2.811848,-1.21677,0.528238,,,,,,,,
0.8103792415169656,5.396635,2.700069,3.015826,0.788788788788789,2.185676,1.71629,1.731585,1.6330645161290316,-0.881023,-0.013007,-0.044529,1.6056910569105691,2.841849,-1.247057,0.415523,,,,,,,,
0.8163672654690617,5.381523,2.829898,3.036187,0.7947947947947952,2.22369,1.779521,1.687366,1.6451612903225803,-0.421838,-0.147985,-0.096477,1.617886178861789,2.869292,-1.283628,0.298718,,,,,,,,
0.8223552894211578,5.360037,2.943582,3.017008,0.8008008008008014,2.261282,1.849699,1.654091,1.6572580645161274,0.037746,-0.280855,-0.143243,1.6300813008130073,2.890961,-1.325275,0.184149,,,,,,,,
0.8283433133732537,5.347231,3.043656,2.942573,0.8068068068068067,2.302521,1.925452,1.621703,1.6693548387096762,0.489786,-0.414116,-0.191401,1.6422764227642273,2.901841,-1.372593,0.077958,,,,,,,,
0.8343313373253498,5.352579,3.143481,2.835963,0.812812812812813,2.345287,1.999949,1.604623,1.6854838709677407,1.071003,-0.586734,-0.259146,1.6544715447154472,2.901866,-1.423304,-0.01841,,,,,,,,
0.8423153692614767,5.352236,3.240656,2.692288,0.8188188188188192,2.404018,2.070224,1.589869,1.693548387096774,1.348329,-0.66546,-0.293906,1.6626016260162595,2.895104,-1.458999,-0.07507,,,,,,,,
0.8463073852295419,5.34056,3.26655,2.62222,0.8248248248248254,2.480073,2.139935,1.574593,1.7096774193548385,1.869383,-0.796225,-0.364005,1.6788617886178854,2.859611,-1.538746,-0.157933,,,,,,,,
0.8542914171656687,5.339474,3.294154,2.484244,0.8308308308308308,2.572209,2.210535,1.558688,1.7177419354838699,2.111554,-0.845341,-0.398772,1.6869918699186994,2.831846,-1.581409,-0.185493,,,,,,,,
0.8582834331337321,5.356764,3.299697,2.421834,0.8368368368368371,2.680435,2.276292,1.539534,1.7298387096774186,2.470126,-0.90691,-0.443963,1.6991869918699194,2.78119,-1.645512,-0.210703,,,,,,,,
0.8662674650698607,5.4287,3.304179,2.326566,0.8428428428428433,2.801532,2.33855,1.518549,1.7419354838709675,2.820537,-0.954458,-0.480035,1.7113821138211376,2.724109,-1.705409,-0.21814,,,,,,,,
0.8702594810379243,5.482681,3.308494,2.297185,0.8488488488488495,2.930422,2.401506,1.499796,1.7540322580645145,3.153953,-0.984478,-0.510008,1.7235772357723576,2.660216,-1.759679,-0.211769,,,,,,,,
0.8782435129740529,5.617853,3.327048,2.250743,0.8548548548548549,3.061628,2.465607,1.484881,1.7701612903225792,3.560804,-0.988972,-0.548132,1.7357723577235775,2.588172,-1.801707,-0.207561,,,,,,,,
0.8822355289421163,5.685267,3.342242,2.221996,0.8608608608608611,3.193926,2.527646,1.470336,1.782258064516128,3.829799,-0.956174,-0.580735,1.7479674796747975,2.506565,-1.829867,-0.212439,,,,,,,,
0.8882235528942123,5.776746,3.382225,2.170803,0.8668668668668673,3.322051,2.583807,1.451902,1.7943548387096768,4.046885,-0.877379,-0.616984,1.7560975609756095,2.446505,-1.841824,-0.22053,,,,,,,,
0.8942115768463084,5.859896,3.435655,2.108021,0.8728728728728735,3.434461,2.637491,1.431016,1.8064516129032255,4.219007,-0.75325,-0.658551,1.7723577235772356,2.308436,-1.860165,-0.243623,,,,,,,,
0.9001996007984027,5.946292,3.476352,2.028385,0.8788788788788789,3.529194,2.692335,1.404696,1.814516129032257,4.314424,-0.645655,-0.69199,1.7845528455284556,2.186252,-1.876098,-0.262197,,,,,,,,
0.9061876247504986,6.041466,3.501251,1.928008,0.8848848848848851,3.604824,2.751206,1.370654,1.8266129032258058,4.435813,-0.445754,-0.754602,1.7967479674796756,2.048784,-1.892554,-0.280561,,,,,,,,
0.9121756487025947,6.142869,3.529092,1.803111,0.8908908908908914,3.659065,2.81648,1.323795,1.8427419354838703,4.586563,-0.113604,-0.867788,1.8089430894308938,1.896469,-1.90978,-0.296101,,,,,,,,
0.9181636726546908,6.25127,3.556763,1.662716,0.8968968968968976,3.690156,2.889283,1.261482,1.8508064516129017,4.701608,0.06252,-0.93231,1.8211382113821137,1.72913,-1.925931,-0.310719,,,,,,,,
0.9241516966067868,6.368003,3.573914,1.517512,0.902902902902903,3.698379,2.967793,1.182572,1.8669354838709662,4.987204,0.405351,-1.066735,1.8333333333333337,1.546593,-1.936869,-0.333771,,,,,,,,
0.9301397205588828,6.494297,3.574148,1.37473,0.9089089089089092,3.68589,3.047193,1.088832,1.8790322580645151,5.217123,0.660306,-1.193631,1.8455284552845537,1.348514,-1.939343,-0.37667,,,,,,,,
0.9361277445109789,6.613103,3.553548,1.227694,0.9149149149149154,3.652115,3.123658,0.986026,1.891129032258064,5.442115,0.927725,-1.373744,1.8577235772357719,1.134236,-1.937473,-0.431491,,,,,,,,
0.9421157684630749,6.712015,3.492687,1.086933,0.9209209209209216,3.592611,3.178873,0.876214,1.9032258064516128,5.61595,1.169654,-1.541525,1.8699186991869918,0.902243,-1.934826,-0.498646,,,,,,,,
0.9461077844311383,6.756569,3.419885,0.999853,0.926926926926927,3.503867,3.207068,0.760422,1.91532258064516,5.698008,1.320571,-1.625201,1.8821138211382118,0.649682,-1.935146,-0.585205,,,,,,,,
0.9520958083832344,6.779665,3.27178,0.891472,0.9329329329329332,3.384354,3.211356,0.638556,1.9274193548387086,5.674017,1.422587,-1.70326,1.8943089430894318,0.375197,-1.933766,-0.679597,,,,,,,,
0.9580838323353305,6.738048,3.083807,0.814588,0.9389389389389394,3.228326,3.190236,0.496209,1.9395161290322576,5.552046,1.4964,-1.792346,1.90650406504065,0.07829,-1.953057,-0.789556,,,,,,,,
0.9640718562874246,6.610141,2.860368,0.770872,0.9449449449449447,3.045725,3.166558,0.325184,1.9516129032258065,5.322436,1.551924,-1.888367,1.91869918699187,-0.240128,-2.005529,-0.914155,,,,,,,,
0.9700598802395207,6.328418,2.621289,0.757727,0.9509509509509511,2.848202,3.159577,0.119631,1.9637096774193534,5.048325,1.573365,-1.953467,1.9308943089430899,-0.569948,-2.073223,-1.034965,,,,,,,,
0.9760479041916167,5.923279,2.41119,0.78219,0.9569569569569573,2.628428,3.131013,-0.092749,1.9758064516129024,4.757762,1.544669,-1.941262,1.9430894308943099,-0.883934,-2.104971,-1.093129,,,,,,,,
0.9820359281437128,5.45017,2.261965,0.882072,0.9609609609609608,2.468687,3.094802,-0.234334,1.987903225806451,4.431757,1.502658,-1.810527,1.955284552845528,-1.195203,-2.12305,-1.118447,,,,,,,,
0.9880239520958088,4.945063,2.173009,1.069671,0.9689689689689688,2.117856,2.974094,-0.511428,2.0,4.08124,1.481318,-1.585564,1.9634146341463419,-1.413658,-2.123254,-1.133094,,,,,,,,
0.9920159680638723,4.606181,2.139539,1.232462,0.9749749749749751,1.83334,2.802838,-0.729498,,,,,1.979674796747968,-1.805888,-1.994335,-1.101186,,,,,,,,
0.9980039920159682,4.153233,2.062365,1.493923,0.9789789789789796,1.636978,2.644921,-0.882775,,,,,1.9918699186991862,-2.045213,-1.839557,-1.060558,,,,,,,,
1.0039920159680644,3.842754,1.899524,1.738972,0.9869869869869875,1.223515,2.264901,-1.208937,,,,,2.0,-2.178321,-1.759062,-1.052469,,,,,,,,
1.0099800399201604,3.63509,1.62454,1.926011,0.9929929929929929,0.89285,1.940244,-1.476917,,,,,,,,,,,,,,,,
1.0159680638722564,3.502252,1.278147,2.038723,0.9989989989989991,0.583292,1.643031,-1.713697,,,,,,,,,,,,,,,,
1.0219560878243523,3.419707,0.903535,2.077973,1.0050050050050054,0.301896,1.377396,-1.851971,,,,,,,,,,,,,,,,
1.0279441117764467,3.332163,0.535834,2.061044,1.0110110110110115,0.026499,1.1275,-1.900593,,,,,,,,,,,,,,,,
1.0339321357285427,3.17037,0.190213,2.015151,1.017017017017017,-0.239365,0.893583,-1.875272,,,,,,,,,,,,,,,,
1.0399201596806387,2.943679,-0.135273,1.947209,1.023023023023023,-0.479389,0.704303,-1.74351,,,,,,,,,,,,,,,,
1.0459081836327349,2.663871,-0.441803,1.859953,1.0290290290290294,-0.695218,0.553909,-1.519245,,,,,,,,,,,,,,,,
1.0518962075848308,2.342817,-0.731607,1.759283,1.0350350350350357,-0.895843,0.424397,-1.24419,,,,,,,,,,,,,,,,
1.0578842315369268,1.984589,-1.028529,1.651613,1.041041041041041,-1.081372,0.308509,-0.957455,,,,,,,,,,,,,,,,
1.063872255489023,1.597684,-1.330642,1.542702,1.0470470470470472,-1.255931,0.201781,-0.676596,,,,,,,,,,,,,,,,
1.0698602794411172,1.194137,-1.622666,1.436535,1.0550550550550553,-1.475764,0.071793,-0.33399,,,,,,,,,,,,,,,,
1.0758483033932131,0.783971,-1.891692,1.33436,1.0590590590590596,-1.579203,0.014904,-0.192186,,,,,,,,,,,,,,,,
1.0798403193612784,0.511094,-2.053763,1.268222,1.065065065065065,-1.736506,-0.052388,-0.037493,,,,,,,,,,,,,,,,
1.0858283433133726,0.107692,-2.266469,1.170562,1.0710710710710711,-1.90284,-0.097106,0.041775,,,,,,,,,,,,,,,,
1.0918163672654688,-0.311292,-2.449409,1.064702,1.0770770770770774,-2.074582,-0.128648,0.059741,,,,,,,,,,,,,,,,
1.0978043912175648,-0.741285,-2.607731,0.950233,1.0830830830830838,-2.243029,-0.152345,0.02665,,,,,,,,,,,,,,,,
1.1037924151696608,-1.160813,-2.740559,0.83028,1.089089089089089,-2.403732,-0.173754,-0.039144,,,,,,,,,,,,,,,,
1.1117764471057894,-1.67515,-2.873124,0.664139,1.0950950950950953,-2.557173,-0.192196,-0.127864,,,,,,,,,,,,,,,,
1.1177644710578838,-1.991848,-2.919417,0.539285,1.1011011011011016,-2.703799,-0.207575,-0.232941,,,,,,,,,,,,,,,,
1.1237524950099798,-2.21131,-2.894617,0.421623,1.105105105105105,-2.7971,-0.216271,-0.30833,,,,,,,,,,,,,,,,
1.1297405189620757,-2.350319,-2.812845,0.307685,1.1131131131131131,-2.971418,-0.230242,-0.463435,,,,,,,,,,,,,,,,
1.135728542914172,-2.420658,-2.687989,0.193339,1.1171171171171175,-3.052075,-0.235765,-0.539855,,,,,,,,,,,,,,,,
1.1417165668662679,-2.431977,-2.531936,0.074133,1.1231231231231238,-3.163838,-0.239509,-0.660946,,,,,,,,,,,,,,,,
1.1477045908183638,-2.427474,-2.366631,-0.060389,1.1311311311311318,-3.296106,-0.234391,-0.834851,,,,,,,,,,,,,,,,
1.1536926147704598,-2.46592,-2.212115,-0.223621,1.1351351351351353,-3.355328,-0.227901,-0.922902,,,,,,,,,,,,,,,,
1.159680638722556,-2.53061,-2.052469,-0.41363,1.1431431431431434,-3.456898,-0.216587,-1.083665,,,,,,,,,,,,,,,,
1.1656686626746502,-2.604659,-1.864452,-0.624951,1.1471471471471477,-3.498754,-0.212616,-1.15101,,,,,,,,,,,,,,,,
1.1716566866267462,-2.672483,-1.644894,-0.851136,1.1531531531531531,-3.549955,-0.209649,-1.2279,,,,,,,,,,,,,,,,
1.1776447105788423,-2.713242,-1.417248,-1.092449,1.1591591591591595,-3.58662,-0.209732,-1.26603,,,,,,,,,,,,,,,,
1.1816367265469057,-2.715454,-1.268473,-1.268795,1.1651651651651656,-3.608586,-0.21126,-1.266589,,,,,,,,,,,,,,,,
1.1876247504990018,-2.685794,-1.082903,-1.522126,1.1711711711711719,-3.615924,-0.211963,-1.236746,,,,,,,,,,,,,,,,
1.1936127744510978,-2.625532,-0.938608,-1.754452,1.1771771771771773,-3.609519,-0.205482,-1.19455,,,,,,,,,,,,,,,,
1.2015968063872264,-2.522122,-0.771068,-2.047901,1.1811811811811816,-3.598124,-0.194922,-1.165187,,,,,,,,,,,,,,,,
1.20558882235529,-2.485113,-0.674812,-2.186147,1.187187187187187,-3.570832,-0.168268,-1.122488,,,,,,,,,,,,,,,,
1.211576846307386,-2.48671,-0.481872,-2.364229,1.1931931931931932,-3.531758,-0.127275,-1.089416,,,,,,,,,,,,,,,,
1.217564870259482,-2.5544,-0.248158,-2.509166,1.1991991991991995,-3.481479,-0.070886,-1.06792,,,,,,,,,,,,,,,,
1.223552894211578,-2.674955,0.010071,-2.624448,1.203203203203203,-3.442027,-0.02426,-1.05945,,,,,,,,,,,,,,,,
1.2295409181636723,-2.834502,0.284471,-2.713212,1.2092092092092093,-3.373252,0.048808,-1.043326,,,,,,,,,,,,,,,,
1.2355289421157682,-3.019578,0.553891,-2.784036,1.2152152152152156,-3.293514,0.125425,-1.02528,,,,,,,,,,,,,,,,
1.2435129740518969,-3.299054,0.874099,-2.863284,1.2232232232232234,-3.174405,0.246743,-1.005512,,,,,,,,,,,,,,,,
1.249500998003993,-3.531314,1.092132,-2.907742,1.2312312312312315,-3.049795,0.419367,-0.991297,,,,,,,,,,,,,,,,
1.255489021956089,-3.772279,1.288574,-2.939692,1.2352352352352352,-2.983346,0.52636,-0.997831,,,,,,,,,,,,,,,,
1.2614770459081832,-3.996336,1.457986,-2.959072,1.2432432432432432,-2.850629,0.768488,-1.047023,,,,,,,,,,,,,,,,
1.2674650698602794,-4.133234,1.600435,-2.952086,1.2472472472472476,-2.792549,0.897242,-1.093243,,,,,,,,,,,,,,,,
1.2734530938123754,-4.189269,1.705445,-2.933478,1.2532532532532539,-2.714592,1.095906,-1.182039,,,,,,,,,,,,,,,,
1.2794411177644713,-4.186227,1.78313,-2.917436,1.259259259259259,-2.646009,1.291885,-1.288329,,,,,,,,,,,,,,,,
1.2854291417165673,-4.148588,1.858493,-2.916897,1.2652652652652654,-2.582916,1.475196,-1.417009,,,,,,,,,,,,,,,,
1.2934131736526944,-4.083434,1.950127,-2.94578,1.2712712712712715,-2.532823,1.641148,-1.558523,,,,,,,,,,,,,,,,
1.301397205588823,-4.040794,2.024642,-2.998317,1.2772772772772778,-2.503198,1.77032,-1.694405,,,,,,,,,,,,,,,,
1.3053892215568863,-4.029371,2.059952,-3.028381,1.2832832832832832,-2.494722,1.872623,-1.819707,,,,,,,,,,,,,,,,
1.3113772455089823,-4.025004,2.114472,-3.071396,1.2892892892892893,-2.504217,1.956719,-1.927403,,,,,,,,,,,,,,,,
1.3173652694610785,-4.03626,2.17513,-3.105613,1.2952952952952956,-2.528407,2.035751,-2.014876,,,,,,,,,,,,,,,,
1.3233532934131744,-4.059755,2.246023,-3.121996,1.301301301301302,-2.567921,2.107893,-2.084181,,,,,,,,,,,,,,,,
1.3313373253493013,-4.102119,2.350415,-3.101639,1.3073073073073072,-2.623841,2.166405,-2.134867,,,,,,,,,,,,,,,,
1.3373253493013975,-4.162604,2.43843,-3.055347,1.3133133133133135,-2.694358,2.212925,-2.163149,,,,,,,,,,,,,,,,
1.3413173652694608,-4.227975,2.503667,-3.012345,1.3193193193193198,-2.779016,2.251869,-2.170546,,,,,,,,,,,,,,,,
1.3473053892215567,-4.347692,2.594455,-2.944003,1.3253253253253259,-2.876661,2.286547,-2.158407,,,,,,,,,,,,,,,,
1.353293413173653,-4.455937,2.647122,-2.890004,1.3313313313313313,-2.984519,2.320071,-2.124178,,,,,,,,,,,,,,,,
1.359281437125749,-4.535968,2.663163,-2.847613,1.3373373373373374,-3.101229,2.356039,-2.071515,,,,,,,,,,,,,,,,
1.3652694610778449,-4.586342,2.655251,-2.806844,1.3433433433433437,-3.226618,2.400031,-2.006442,,,,,,,,,,,,,,,,
1.371257485029941,-4.611417,2.632942,-2.760176,1.34934934934935,-3.360621,2.458553,-1.934676,,,,,,,,,,,,,,,,
1.379241516966068,-4.617205,2.600261,-2.670028,1.3553553553553552,-3.497761,2.528864,-1.855144,,,,,,,,,,,,,,,,
1.3852295409181639,-4.615628,2.588519,-2.561262,1.3593593593593598,-3.588045,2.579809,-1.799761,,,,,,,,,,,,,,,,
1.3912175648702598,-4.621348,2.5941,-2.421856,1.365365365365366,-3.717519,2.655871,-1.724487,,,,,,,,,,,,,,,,
1.397205588822356,-4.64489,2.619904,-2.260938,1.3713713713713713,-3.838695,2.732532,-1.653436,,,,,,,,,,,,,,,,
1.403193612774452,-4.693942,2.66623,-2.08983,1.3773773773773776,-3.949367,2.809502,-1.580834,,,,,,,,,,,,,,,,
1.409181636726548,-4.774635,2.733918,-1.922831,1.3833833833833837,-4.045551,2.88726,-1.505058,,,,,,,,,,,,,,,,
1.4151696606786424,-4.905307,2.836506,-1.771131,1.38938938938939,-4.12624,2.965333,-1.427385,,,,,,,,,,,,,,,,
1.4191616766467074,-5.016189,2.921218,-1.680898,1.3953953953953955,-4.188471,3.040644,-1.35262,,,,,,,,,,,,,,,,
1.4251497005988036,-5.199135,3.055674,-1.557348,1.4014014014014016,-4.226319,3.107868,-1.285758,,,,,,,,,,,,,,,,
1.4331337325349305,-5.438456,3.216679,-1.406658,1.4074074074074079,-4.237615,3.165731,-1.224692,,,,,,,,,,,,,,,,
1.4371257485029938,-5.541632,3.277995,-1.336152,1.413413413413414,-4.219316,3.206917,-1.162757,,,,,,,,,,,,,,,,
1.4451097804391224,-5.629246,3.306854,-1.196417,1.4194194194194194,-4.169085,3.230197,-1.099994,,,,,,,,,,,,,,,,
1.449101796407186,-5.590771,3.27469,-1.123375,1.4234234234234238,-4.11724,3.2357,-1.056509,,,,,,,,,,,,,,,,
1.455089820359282,-5.432998,3.163591,-1.018185,1.4314314314314318,-3.968897,3.222621,-0.956025,,,,,,,,,,,,,,,,
1.4610778443113779,-5.19406,2.982367,-0.934521,1.4374374374374372,-3.818839,3.197087,-0.867103,,,,,,,,,,,,,,,,
1.467065868263474,-4.906989,2.754321,-0.872564,1.4414414414414416,-3.709429,3.193162,-0.786022,,,,,,,,,,,,,,,,
1.47305389221557,-4.518411,2.510267,-0.859645,1.447447447447448,-3.53127,3.20199,-0.625466,,,,,,,,,,,,,,,,
1.4810379241516969,-3.893933,2.19747,-0.932748,1.4534534534534533,-3.327055,3.209877,-0.428076,,,,,,,,,,,,,,,,
1.4870259481037928,-3.404246,1.97827,-1.04651,1.4594594594594594,-3.094366,3.188555,-0.180827,,,,,,,,,,,,,,,,
1.493013972055889,-2.930387,1.787948,-1.188248,1.4654654654654657,-2.840017,3.1124,0.090427,,,,,,,,,,,,,,,,
1.499001996007985,-2.483969,1.596039,-1.334783,1.471471471471472,-2.564781,2.980015,0.372977,,,,,,,,,,,,,,,,
1.504990019960081,-2.095659,1.3269,-1.478849,1.4774774774774773,-2.2677,2.798933,0.673724,,,,,,,,,,,,,,,,
1.5109780439121754,-1.744275,0.984348,-1.569842,1.4834834834834836,-1.95058,2.571326,0.994164,,,,,,,,,,,,,,,,
1.5169660678642714,-1.41228,0.598341,-1.600292,1.4894894894894897,-1.613091,2.310468,1.341564,,,,,,,,,,,,,,,,
1.5249500998004,-0.986345,0.059881,-1.550452,1.495495495495496,-1.270762,2.037407,1.688856,,,,,,,,,,,,,,,,
1.530938123752496,-0.643704,-0.370272,-1.45946,1.4994994994994995,-1.056184,1.875891,1.87561,,,,,,,,,,,,,,,,
1.5369261477045904,-0.226824,-0.856225,-1.351518,1.5055055055055058,-0.752391,1.658941,2.082445,,,,,,,,,,,,,,,,
1.5429141716566863,0.24169,-1.363502,-1.241016,1.511511511511512,-0.467947,1.468675,2.198045,,,,,,,,,,,,,,,,
1.5489021956087823,0.738525,-1.854586,-1.132133,1.5175175175175173,-0.200637,1.305707,2.211513,,,,,,,,,,,,,,,,
1.5548902195608785,1.242777,-2.298871,-1.023035,1.5235235235235236,0.034377,1.196386,2.107619,,,,,,,,,,,,,,,,
1.5588822355289418,1.567512,-2.550842,-0.945368,1.52952952952953,0.243672,1.120803,1.923431,,,,,,,,,,,,,,,,
1.5668662674650704,2.119606,-2.904625,-0.754816,1.535535535535536,0.432528,1.060998,1.69343,,,,,,,,,,,,,,,,
1.570858283433134,2.348472,-3.025077,-0.644668,1.5395395395395397,0.548752,1.025386,1.522532,,,,,,,,,,,,,,,,
1.57684630738523,2.644616,-3.153505,-0.470225,1.5455455455455458,0.710345,0.973685,1.252553,,,,,,,,,,,,,,,,
1.582834331337326,2.899352,-3.234583,-0.296059,1.5535535535535538,0.904093,0.901123,0.892189,,,,,,,,,,,,,,,,
1.588822355289422,3.131215,-3.279174,-0.13144,1.5575575575575575,0.993388,0.862624,0.719778,,,,,,,,,,,,,,,,
1.594810379241518,3.350222,-3.29632,0.030346,1.5635635635635636,1.125262,0.809512,0.494051,,,,,,,,,,,,,,,,
1.6027944111776449,3.622154,-3.282788,0.238094,1.56956956956957,1.261522,0.767708,0.326793,,,,,,,,,,,,,,,,
1.6067864271457084,3.74866,-3.255219,0.336404,1.575575575575576,1.397612,0.72947,0.210593,,,,,,,,,,,,,,,,
1.614770459081837,3.989864,-3.13928,0.499854,1.5815815815815815,1.531082,0.69048,0.143711,,,,,,,,,,,,,,,,
1.620758483033933,4.179093,-2.984673,0.572119,1.5875875875875878,1.660589,0.653108,0.126718,,,,,,,,,,,,,,,,
1.6267465069860292,4.374963,-2.770814,0.615745,1.5935935935935939,1.786076,0.624958,0.158282,,,,,,,,,,,,,,,,
1.6327345309381234,4.568015,-2.503644,0.628752,1.5995995995996002,1.899535,0.597664,0.215002,,,,,,,,,,,,,,,,
1.6387225548902193,4.75237,-2.192026,0.613089,1.6056056056056056,1.99969,0.572413,0.291384,,,,,,,,,,,,,,,,
1.6447105788423155,4.92052,-1.844986,0.579238,1.6116116116116117,2.087343,0.550784,0.387,,,,,,,,,,,,,,,,
1.6506986027944115,5.037219,-1.489594,0.578437,1.617617617617618,2.163821,0.537432,0.518393,,,,,,,,,,,,,,,,
1.6566866267465075,5.095782,-1.132776,0.617972,1.6236236236236241,2.229367,0.531506,0.676934,,,,,,,,,,,,,,,,
1.6626746506986034,5.112849,-0.789328,0.699176,1.6296296296296295,2.284184,0.53046,0.848281,,,,,,,,,,,,,,,,
1.6706586826347305,5.086,-0.353888,0.868058,1.6336336336336341,2.314919,0.53041,0.968566,,,,,,,,,,,,,,,,
1.6766467065868265,5.038743,-0.037395,1.034107,1.6396396396396402,2.352581,0.530722,1.154873,,,,,,,,,,,,,,,,
1.6826347305389224,4.990749,0.272657,1.216188,1.6456456456456456,2.380893,0.531271,1.344961,,,,,,,,,,,,,,,,
1.6886227544910184,4.947978,0.582125,1.4256,1.6516516516516517,2.403329,0.537288,1.553939,,,,,,,,,,,,,,,,
1.6946107784431146,4.926465,0.843625,1.619416,1.6596596596596598,2.4228,0.550185,1.828726,,,,,,,,,,,,,,,,
1.7005988023952106,4.936164,1.043875,1.786452,1.665665665665666,2.42722,0.558875,1.993747,,,,,,,,,,,,,,,,
1.7065868263473065,4.968524,1.197476,1.935392,1.6696696696696696,2.42493,0.563653,2.074619,,,,,,,,,,,,,,,,
1.712574850299401,5.010277,1.316977,2.061941,1.6756756756756759,2.413431,0.570647,2.157444,,,,,,,,,,,,,,,,
1.718562874251497,5.051288,1.405804,2.171357,1.6816816816816822,2.392373,0.579367,2.201296,,,,,,,,,,,,,,,,
1.7245508982035929,5.096094,1.486206,2.270649,1.6876876876876874,2.361006,0.595117,2.216639,,,,,,,,,,,,,,,,
1.730538922155689,5.149951,1.577864,2.366883,1.6936936936936937,2.319258,0.62013,2.211407,,,,,,,,,,,,,,,,
1.736526946107785,5.200613,1.680179,2.462244,1.6996996996996998,2.266504,0.657507,2.192979,,,,,,,,,,,,,,,,
1.742514970059881,5.231054,1.784422,2.560792,1.7057057057057061,2.201242,0.711562,2.168062,,,,,,,,,,,,,,,,
1.7485029940119772,5.234326,1.889464,2.659408,1.7117117117117115,2.123584,0.784484,2.142344,,,,,,,,,,,,,,,,
1.7544910179640731,5.207224,1.990732,2.751656,1.715715715715716,2.065077,0.844912,2.12621,,,,,,,,,,,,,,,,
1.7604790419161673,5.156991,2.081214,2.834448,1.723723723723724,1.932998,1.002253,2.096833,,,,,,,,,,,,,,,,
1.768463073852296,5.118662,2.216926,2.914037,1.7277277277277274,1.85985,1.102216,2.088496,,,,,,,,,,,,,,,,
1.7724550898203595,5.140143,2.302372,2.934134,1.7337337337337337,1.740948,1.276065,2.104104,,,,,,,,,,,,,,,,
1.780439121756488,5.223375,2.472325,2.95037,1.73973973973974,1.619436,1.459056,2.157033,,,,,,,,,,,,,,,,
1.7864271457085823,5.293369,2.566183,2.958269,1.7457457457457461,1.510266,1.627429,2.214146,,,,,,,,,,,,,,,,
1.7924151696606785,5.359129,2.622181,2.969118,1.7517517517517516,1.419687,1.781628,2.274545,,,,,,,,,,,,,,,,
1.7984031936127745,5.420642,2.656162,2.974314,1.7577577577577579,1.349511,1.914369,2.323064,,,,,,,,,,,,,,,,
1.8043912175648704,5.447256,2.679432,2.95443,1.763763763763764,1.303915,1.997344,2.334528,,,,,,,,,,,,,,,,
1.812375249500999,5.457648,2.720746,2.895344,1.7697697697697703,1.283335,2.051558,2.337235,,,,,,,,,,,,,,,,
1.8163672654690626,5.465477,2.753181,2.85893,1.7757757757757755,1.286719,2.092388,2.333626,,,,,,,,,,,,,,,,
1.8243512974051894,5.491521,2.835423,2.784744,1.77977977977978,1.301538,2.118517,2.331134,,,,,,,,,,,,,,,,
1.8283433133732547,5.505135,2.877854,2.75008,1.7857857857857864,1.341461,2.15568,2.325257,,,,,,,,,,,,,,,,
1.834331337325349,5.544889,2.950145,2.709153,1.7917917917917916,1.402357,2.190815,2.316396,,,,,,,,,,,,,,,,
1.8423153692614775,5.625983,3.053115,2.670227,1.797797797797798,1.482456,2.225089,2.302303,,,,,,,,,,,,,,,,
1.8483033932135735,5.694209,3.123845,2.645345,1.803803803803804,1.581893,2.259858,2.276449,,,,,,,,,,,,,,,,
1.8542914171656697,5.759639,3.182302,2.618604,1.8098098098098103,1.699502,2.294131,2.241419,,,,,,,,,,,,,,,,
1.8602794411177657,5.810935,3.22216,2.585113,1.8158158158158157,1.832903,2.326066,2.201775,,,,,,,,,,,,,,,,
1.8662674650698599,5.813087,3.225376,2.536947,1.8218218218218218,1.97667,2.359517,2.161662,,,,,,,,,,,,,,,,
1.872255489021956,5.775451,3.201877,2.476456,1.8258258258258264,2.077048,2.383988,2.135002,,,,,,,,,,,,,,,,
1.878243512974052,5.714028,3.16447,2.406854,1.8318318318318316,2.232169,2.42534,2.094972,,,,,,,,,,,,,,,,
1.8822355289421153,5.667091,3.137123,2.356709,1.837837837837838,2.390106,2.474309,2.054442,,,,,,,,,,,,,,,,
1.8882235528942115,5.597882,3.099587,2.276577,1.8438438438438443,2.548829,2.532403,2.013488,,,,,,,,,,,,,,,,
1.8942115768463075,5.596182,3.100419,2.185625,1.8498498498498503,2.705142,2.599779,1.971303,,,,,,,,,,,,,,,,
1.902195608782436,5.715415,3.174576,2.039005,1.8558558558558558,2.856222,2.675681,1.926705,,,,,,,,,,,,,,,,
1.9061876247504996,5.810925,3.237104,1.955776,1.8618618618618619,2.99969,2.758876,1.878899,,,,,,,,,,,,,,,,
1.9141716566866265,6.041558,3.400398,1.775306,1.8678678678678682,3.131075,2.840728,1.832543,,,,,,,,,,,,,,,,
1.9181636726546916,6.170867,3.49688,1.680843,1.8718718718718719,3.20882,2.889199,1.808317,,,,,,,,,,,,,,,,
1.9241516966067878,6.333944,3.615515,1.534114,1.8798798798798797,3.341268,2.973713,1.76868,,,,,,,,,,,,,,,,
1.9321357285429146,6.492184,3.725504,1.341468,1.8838838838838843,3.397891,3.009017,1.749289,,,,,,,,,,,,,,,,
1.9381237524950106,6.585984,3.768239,1.20882,1.8918918918918923,3.491636,3.071472,1.709952,,,,,,,,,,,,,,,,
1.9441117764471065,6.668163,3.76434,1.090796,1.8978978978978984,3.544417,3.113003,1.677346,,,,,,,,,,,,,,,,
1.9500998003992027,6.722409,3.722659,0.996861,1.9019019019019021,3.57207,3.135865,1.649765,,,,,,,,,,,,,,,,
1.9560878243512987,6.727095,3.652388,0.927951,1.9099099099099102,3.60731,3.17152,1.580269,,,,,,,,,,,,,,,,
1.9620758483033929,6.651793,3.532572,0.87747,1.9139139139139145,3.613579,3.18547,1.539543,,,,,,,,,,,,,,,,
1.968063872255489,6.464146,3.340864,0.834746,1.9219219219219226,3.592663,3.201825,1.438936,,,,,,,,,,,,,,,,
1.974051896207585,6.148742,3.083893,0.809381,1.9279279279279278,3.545588,3.204828,1.348074,,,,,,,,,,,,,,,,
1.980039920159681,5.719664,2.79811,0.823458,1.933933933933934,3.470012,3.199056,1.244696,,,,,,,,,,,,,,,,
1.9860279441117772,5.160728,2.515749,0.889896,1.9399399399399404,3.356913,3.174632,1.118707,,,,,,,,,,,,,,,,
1.9920159680638732,4.515278,2.257129,1.029205,1.9459459459459456,3.205333,3.130239,0.978667,,,,,,,,,,,,,,,,
2.0,3.576175,1.909546,1.31632,1.951951951951952,3.025655,3.083301,0.823657,,,,,,,,,,,,,,,,
