yaw,pitch,roll,fl_contact, fr_contact, rl_contact, rr_contact,t
0.29726199999999997,0.6868210000000001,-0.3775223333333333,8.532581333333333,8.453733,7.237700666666666,7.3412793333333335,0.0
0.3076446666666667,0.6857163333333333,-0.37272533333333335,8.548516999999999,8.577357,7.138560333333333,7.1649069999999995,0.006
0.3163896666666667,0.6848763333333334,-0.3697276666666667,8.605148999999999,8.529498666666667,7.112111666666667,7.215510666666667,0.012
0.32506000000000007,0.6830283333333332,-0.36594433333333337,8.938157666666667,7.612844666666667,6.171957,7.958354333333332,0.018000000000000002
0.33547666666666665,0.6814646666666667,-0.36689599999999994,8.971707,7.234703666666667,6.403631999999999,9.494778666666667,0.024
0.346598,0.6840243333333333,-0.3806513333333333,8.953163,7.090547666666667,6.341578000000001,9.692168666666667,0.03
0.3520716666666666,0.6845246666666666,-0.38434799999999997,10.626819666666668,6.089772333333333,4.680999333333333,10.756064,0.036000000000000004
0.36394433333333337,0.6955243333333333,-0.390499,10.804214666666667,6.346126333333333,4.083902,9.428726333333332,0.042
0.37183099999999997,0.7089593333333334,-0.4243693333333334,11.143871666666668,6.7232726666666665,3.6692826666666662,9.169260333333334,0.048
0.40046866666666664,0.7315566666666666,-0.5225153333333333,10.422196666666666,2.4468433333333333,0.8505576666666667,8.240047,0.054
0.37228733333333336,0.738219,-0.9143296666666666,10.166142,1.909997,0.7677943333333334,8.690079333333335,0.06
0.345129,0.7291179999999998,-1.2544116666666667,9.873514,1.773264,0.554519,8.919078666666666,0.066
0.2296313333333333,0.7111936666666666,-2.0164663333333332,9.063660999999998,0.9836526666666666,0.468123,8.709630333333333,0.07200000000000001
0.1651443333333333,0.6979566666666668,-2.4469736666666666,9.422540666666666,0.6357226666666667,0.5150066666666666,8.536983000000001,0.078
0.016416999999999946,0.6691386666666667,-3.326017333333333,10.704808,0.5641543333333333,0.53843,8.356533999999998,0.084
-0.06112899999999998,0.6394273333333335,-3.822191,10.677068,0.936819,0.422538,7.631984333333333,0.09
-0.1997116666666667,0.5906856666666666,-4.731250666666667,9.554443000000001,0.6678093333333334,0.144334,6.151849333333334,0.096
-0.30359766666666665,0.5197539999999999,-5.433848666666667,9.365492,0.542534,0.050523000000000005,6.169014333333333,0.10200000000000001
-0.3793766666666667,0.4220973333333333,-5.992573333333333,9.446258666666667,0.0,0.5849526666666667,6.109726333333334,0.108
-0.48697666666666667,0.2992390000000001,-6.6447433333333334,9.440545,0.0,0.6053476666666667,6.144628,0.114
-0.60791,0.10391533333333332,-7.339907666666665,9.441318,0.0,0.242429,6.231975333333334,0.12
-0.7229836666666666,-0.09245533333333333,-7.856208000000001,9.337387666666666,0.0,7.7357586666666664,6.259314333333333,0.126
-0.8509586666666666,-0.30273733333333336,-8.336684,9.266011666666666,0.0,7.741213333333334,6.286453333333333,0.132
-0.9746813333333333,-0.4939476666666667,-8.629162333333333,9.223298666666667,0.0,7.247762666666667,6.319639333333332,0.138
-1.0989803333333332,-0.667423,-8.797906333333334,7.170347333333333,0.0,3.9070923333333334,6.283511666666667,0.14400000000000002
-1.2140883333333332,-0.7926129999999999,-8.813626666666666,6.388860666666666,0.0,3.634916666666667,6.263238,0.15
-1.31751,-0.8726686666666666,-8.681108666666667,6.610855000000001,0.0,3.5657296666666674,6.240258333333333,0.156
-1.4111956666666667,-0.916074,-8.410582666666665,6.49918,0.0,3.4579003333333334,6.241832333333334,0.162
-1.4620976666666665,-0.9324896666666667,-8.131046,6.220185666666667,0.0,3.2284463333333338,10.253764000000002,0.168
-1.582009666666667,-0.918308,-7.485326000000001,6.124406666666666,0.0,3.2145116666666667,10.159012666666667,0.17400000000000002
-1.6271786666666668,-0.8984263333333334,-7.069634999999999,6.132945333333335,0.0,3.0781096666666667,10.214467333333333,0.18
-1.7103256666666666,-0.8464283333333333,-6.413266333333333,6.145178666666666,0.0,3.009494,10.261056666666667,0.186
-1.7906396666666666,-0.7728583333333333,-5.698773666666667,6.161385333333333,0.0,3.0158679999999998,10.403442333333333,0.192
-1.864533333333333,-0.6780003333333333,-4.9561296666666665,6.143870666666667,0.0,3.0070103333333336,10.462505,0.198
-1.9352363333333338,-0.565044,-4.231626,6.117255666666668,0.0,3.0154789999999996,10.682941,0.20400000000000001
-2.004115,-0.43742833333333336,-3.5532990000000004,6.100935,9.441376,3.053255,8.976314333333335,0.21
-2.068641,-0.3239786666666667,-3.048885,6.084195333333334,3.5859133333333335,3.0498473333333336,8.924075666666667,0.216
-2.1068363333333333,-0.24726533333333336,-2.7027810000000003,6.0815893333333335,3.355249,3.0422550000000004,9.054854333333333,0.222
-2.1293919999999997,-0.19715666666666667,-2.4650813333333335,6.064982666666666,3.1570543333333334,3.056514,9.114827666666669,0.228
-2.1108306666666663,-0.15717133333333333,-2.300335,6.071162,3.014629,3.067998,9.10827,0.234
-2.0807836666666666,-0.12644833333333336,-2.1789609999999997,6.083322,2.9111576666666665,3.137282666666667,9.010152666666666,0.24
-2.039803333333333,-0.08655233333333334,-2.0616233333333334,6.088951333333334,2.7185976666666662,3.1407736666666666,9.029287333333334,0.246
-1.976583,-0.034778666666666735,-1.9592943333333335,6.099093,2.6508983333333336,3.1514866666666665,9.377141666666667,0.252
-1.9155123333333337,0.02350299999999998,-1.8645636666666665,6.097848666666667,2.7039853333333332,3.167548666666667,9.348957333333333,0.258
-1.831644,0.10660066666666668,-1.7518726666666666,6.092403666666667,2.632978666666667,3.185192333333333,9.276709333333335,0.264
-1.7344103333333336,0.20876133333333333,-1.630596,6.135231999999999,2.580542,3.1991483333333335,9.163841333333334,0.27
-1.618359,0.3409930000000001,-1.494477,6.148046,2.5356973333333332,3.2177969999999996,9.002702333333334,0.276
-1.4922616666666666,0.46508799999999995,-1.3766369999999999,6.148424666666666,2.5213993333333335,3.242827666666667,8.448049,0.28200000000000003
-1.3473,0.6196586666666667,-1.2434546666666668,6.128677000000001,2.5133086666666666,3.268668,7.846283333333333,0.28800000000000003
-1.1884426666666663,0.7897343333333334,-1.1068736666666668,6.144823,2.5253343333333333,3.2854156666666667,7.3949576666666665,0.294
-1.0228970000000002,0.9615526666666666,-0.9696173333333334,6.137256,2.4771853333333334,3.2881196666666668,6.907929333333333,0.3
-0.8434403333333335,1.1640813333333333,-0.8223723333333334,6.129218666666667,2.3856983333333335,3.3529013333333335,6.968368666666667,0.306
-0.6750296666666666,1.3886323333333335,-0.7600876666666667,6.128240666666667,2.414757333333333,3.3169776666666664,6.8137533333333336,0.312
-0.5192333333333334,1.6264746666666667,-0.7576476666666667,6.091162333333334,2.06239,3.6958626666666667,6.738207333333334,0.318
-0.36674900000000005,1.903989,-0.7458170000000001,10.271177999999999,2.4707766666666666,3.3769829999999996,6.536015666666667,0.324
-0.21941133333333326,2.187713,-0.703558,10.31812,2.081160666666667,3.2429846666666666,6.3009026666666665,0.33
-0.07325266666666656,2.479259666666667,-0.6232559999999999,9.141682666666666,7.441700999999999,2.7886513333333336,6.225973666666666,0.336
0.10603533333333326,2.7576563333333333,-0.5319396666666666,8.754900666666666,7.587607666666667,2.984284333333333,6.261436333333333,0.342
0.22725966666666655,2.889716,-0.45642999999999995,8.480050666666665,7.854223,3.1331393333333337,6.279306000000001,0.34800000000000003
0.33930866666666654,3.020555333333333,-0.30933166666666667,7.4498446666666664,5.018120666666667,3.2437733333333334,6.222454666666667,0.354
0.4496576666666667,3.0703063333333334,-0.20938499999999996,6.962549666666668,5.004395,3.3148009999999997,6.117452,0.36
0.5650559999999999,3.0709006666666667,-0.12325700000000002,6.6372453333333326,4.822097,3.3647046666666665,6.226764333333333,0.366
0.6757286666666666,3.0334283333333336,-0.05619799999999997,6.435902000000001,4.691834666666666,3.3346663333333333,6.2207826666666675,0.372
0.8186626666666669,3.004075333333333,0.02525466666666672,6.617021333333334,4.589444666666666,3.253738333333333,6.244863,0.378
0.9816863333333333,2.923994,0.12389200000000007,6.523836666666665,3.8824090000000004,3.1877926666666667,6.247158,0.384
1.124204,2.8602163333333337,0.24374566666666664,6.276267333333333,3.0100890000000002,3.142591,6.245367333333334,0.39
1.2323663333333335,2.8097393333333334,0.364384,6.174303666666667,2.9931889999999997,3.0680816666666666,6.255717,0.396
1.3967956666666668,2.7506093333333332,0.6270603333333332,6.256737666666666,2.9503863333333338,3.118947,6.260508333333334,0.402
1.5258669999999999,2.673726333333333,0.9092330000000001,6.6751776666666665,5.015344,3.248314333333333,6.252351999999999,0.40800000000000003
1.6631853333333335,2.6080406666666662,1.1708286666666667,6.490189333333333,4.914761333333334,3.3027903333333337,6.237832,0.41400000000000003
1.7948536666666666,2.5483186666666664,1.4009409999999998,6.664827333333332,4.7868,3.2714649999999996,6.244433333333333,0.42
1.920732,2.4949066666666666,1.6062036666666668,6.820455666666668,4.806187333333333,3.242195333333333,6.240445,0.426
2.049859666666667,2.4728096666666666,1.7589573333333333,6.822184,4.887565333333334,3.2511083333333333,6.203391,0.432
2.1471703333333334,2.420214,1.915733333333333,6.865398333333334,4.924955333333333,3.2477843333333336,6.195936333333333,0.438
2.25936,2.37642,2.061581,6.944825999999999,4.976687666666667,3.2453636666666665,6.196094666666667,0.444
2.3677413333333335,2.3367573333333334,2.1888456666666665,6.990093333333334,4.980258666666667,3.260367,6.214609666666667,0.45
2.471366,2.3037466666666666,2.304335,7.069582333333333,5.153952,3.260854666666667,6.209694333333334,0.456
2.570194666666666,2.2781693333333335,2.4102763333333335,7.250713,5.287418,3.2591813333333337,6.216933333333333,0.462
2.661815333333333,2.2641606666666667,2.4843806666666666,7.4651,5.316225333333333,3.256975,6.218299333333334,0.468
2.752203,2.2512666666666665,2.5853966666666666,6.812638333333335,5.211284666666667,3.2594636666666665,6.231048333333334,0.47400000000000003
2.8393416666666664,2.245176333333333,2.689731,6.730259,5.254746333333333,3.2718856666666665,6.231434333333333,0.48
2.9230753333333332,2.2444753333333334,2.7942153333333333,6.647339666666667,5.289230333333333,3.2676909999999997,6.171948,0.486
3.0080609999999997,2.2502226666666667,2.886812666666667,6.053482666666667,5.081824666666667,3.2315853333333333,6.181431666666666,0.492
3.095343666666667,2.269351,2.9631996666666667,6.628086666666667,5.138121,3.2450449999999997,6.197518,0.498
3.184413333333333,2.302744,3.024097,6.654886666666667,5.182244333333333,3.2495856666666665,6.222076333333334,0.504
3.2748906666666664,2.352839,3.0674580000000002,6.677046333333333,4.822182000000001,3.150019,6.254612000000001,0.51
3.3552269999999997,2.390201,3.099933666666667,6.3694533333333325,4.679308333333333,3.208727,6.293115666666668,0.516
3.4171786666666666,2.4154113333333336,3.121683666666667,6.055808,4.627997,3.1839703333333333,6.340884666666668,0.522
3.461430333333334,2.4462406666666667,3.1051376666666672,5.590518333333333,4.629024333333334,3.1978000000000004,6.312360666666667,0.528
3.489433,2.496075333333333,3.0370936666666672,3.9054670000000002,4.461290333333333,3.242965,5.0976919999999994,0.534
3.5038926666666668,2.566018,2.9487696666666667,4.572189333333333,4.356741333333333,3.2402556666666666,6.2920343333333335,0.54
3.5029766666666666,2.6619353333333335,2.815682666666667,5.295235,4.438629,3.206967333333333,6.255463333333334,0.546
3.4885636666666664,2.7794906666666663,2.672197,5.279351,4.419647,3.172345,5.961010666666667,0.552
3.4718506666666666,2.8615186666666665,2.5230606666666664,5.132186333333333,4.413842666666667,3.2199293333333334,5.987326,0.558
3.443377,2.999502,2.514523,4.8420440000000005,11.510980666666669,3.217425,5.943224666666666,0.5640000000000001
3.417855,3.1691183333333335,2.4439273333333333,4.553969,17.105038333333336,3.2007309999999998,5.903800333333334,0.5700000000000001
3.3977380000000004,3.23312,2.404195,4.838828333333334,8.498298333333333,3.1902823333333337,6.093543999999999,0.5760000000000001
3.3982716666666666,3.2776826666666667,2.3415956666666666,4.630388,8.031683000000001,3.151111333333333,6.2958229999999995,0.582
3.4090806666666666,3.2422809999999997,2.2414876666666665,4.665909,7.791121666666666,3.159539666666667,6.424931333333333,0.588
3.41812,3.179999,2.139704666666667,4.534584999999999,7.605700666666666,3.170109333333333,6.037344333333333,0.594
3.445606,3.077802,2.080242,4.223992666666667,6.983232666666666,3.184141,6.092245000000001,0.6
3.4634163333333334,2.979433,2.006152666666667,3.817619666666667,6.691516666666666,3.180702666666667,6.058109000000001,0.606
3.4695183333333333,2.8818283333333334,1.9365573333333332,3.8047350000000004,6.718852666666667,3.177994,6.045656000000001,0.612
3.4676810000000002,2.7861153333333335,1.8698023333333336,3.825694,6.836511333333334,3.186341,6.022736666666667,0.618
3.456413333333334,2.6909756666666667,1.8039760000000002,3.8404473333333335,6.934544666666667,3.191146,6.086202666666666,0.624
3.439732,2.6111483333333334,1.7625193333333333,3.855548,6.971894666666667,3.1940256666666667,6.144265999999999,0.63
3.411146,2.524664666666667,1.6831186666666664,3.9569693333333333,6.983079333333333,3.2063313333333334,6.179887333333333,0.636
3.3768053333333334,2.450022,1.5915606666666668,4.007130666666667,7.056558666666667,3.2023506666666663,6.184723333333333,0.642
3.337396333333333,2.388792,1.4903623333333333,4.018615666666666,7.2105999999999995,3.2001073333333334,6.191105333333333,0.648
3.29805,2.341186,1.3987733333333334,4.738075333333334,7.5311243333333335,3.212702,6.238547333333333,0.654
3.262499333333333,2.304270333333333,1.3415933333333332,4.647131,7.766614,3.208817,6.242501666666667,0.66
3.229511666666667,2.278833666666667,1.305724,4.810889666666667,8.020732333333333,3.2039796666666667,6.256215,0.666
3.193198666666666,2.2629266666666665,1.2817203333333334,5.134742,8.295483333333333,3.2094023333333332,6.2109700000000005,0.672
3.1527023333333335,2.252437,1.2705243333333331,5.337984,8.44858,3.207251,6.216197,0.678
3.110329333333333,2.2459903333333333,1.2718816666666666,5.492774666666667,7.562312333333334,3.211774333333333,6.230410666666667,0.684
3.0713383333333333,2.240533,1.2767033333333333,5.813969,7.453602333333333,3.20187,6.228356000000001,0.6900000000000001
3.038059666666667,2.234171,1.2829343333333334,6.013274666666667,7.378342,3.1989443333333334,6.221300666666667,0.6960000000000001
3.0165366666666666,2.2267283333333334,1.2842396666666667,5.8310456666666655,7.440911333333333,3.1665376666666667,6.196649666666667,0.7020000000000001
2.992854,2.2197893333333334,1.289572,5.833518333333334,7.506306333333334,3.164963333333333,6.16151,0.708
2.968671333333333,2.21195,1.2960473333333333,6.185337333333333,7.479407333333332,3.1673803333333335,6.1773446666666665,0.714
2.950871,2.2088579999999998,1.2965723333333334,6.452866,7.589484666666667,3.1741523333333332,6.192940666666668,0.72
2.9232223333333334,2.204596,1.3079533333333333,6.636866333333333,7.255278,3.181490666666667,6.1875290000000005,0.726
2.8932820000000006,2.201864666666667,1.3259716666666665,6.953780666666667,7.209858666666666,3.190915,6.2008503333333325,0.732
2.8685566666666666,2.2009963333333333,1.3375183333333334,7.195498333333333,6.847885000000001,3.1817393333333333,6.220889,0.738
2.8198516666666666,2.2003023333333336,1.354877,7.288518333333333,6.608248333333333,3.179683333333333,6.248182,0.744
2.7665663333333335,2.197537,1.3649596666666666,7.318111999999999,6.395508666666667,3.2096913333333332,6.250367333333333,0.75
2.7140436666666665,2.192712333333333,1.370709,7.2152606666666665,6.255204333333334,3.224878,6.261279333333334,0.756
2.676255,2.189616,1.376463,7.396523999999999,6.158928,3.1974590000000003,6.248659666666666,0.762
2.642309666666667,2.1821446666666664,1.3711873333333333,6.644242666666667,5.893668666666667,3.189401666666667,6.247898999999999,0.768
2.615501,2.16947,1.3653710000000003,6.516563666666666,6.0627743333333335,3.1785436666666667,6.185077666666667,0.774
2.594227333333333,2.149027333333333,1.362229,6.312797,5.977486,3.1846603333333334,6.1868170000000005,0.78
2.5762976666666666,2.120893666666667,1.358907,6.325978666666667,5.893657999999999,3.167797666666667,6.195970666666667,0.786
2.5603183333333335,2.086528,1.3512440000000001,6.469972666666667,6.163575666666667,3.1312296666666666,6.204319000000001,0.792
2.5416106666666667,2.045999666666667,1.3355519999999999,6.599953666666667,6.159816999999999,3.1274506666666664,6.213524,0.798
2.5209016666666666,2.0004706666666667,1.3107653333333336,6.629207000000001,6.101263666666667,3.1487789999999998,6.2243656666666665,0.804
2.509974666666667,1.9544533333333334,1.278313,6.749217999999999,6.136177,3.1429376666666666,6.250749666666667,0.81
2.4700656666666667,1.9064560000000002,1.244953,6.826579,5.962230333333333,3.1448133333333335,6.256982000000001,0.8160000000000001
2.457914,1.8645033333333334,1.217796,6.8549,5.834418666666667,3.1469383333333334,6.258636333333333,0.8220000000000001
2.4345510000000004,1.8075986666666666,1.179634,7.1258773333333325,5.257179666666667,3.1387403333333332,6.2498890000000005,0.8280000000000001
2.404112,1.7766530000000003,1.1468583333333333,7.168252666666667,4.785932333333333,3.1408246666666666,6.233577333333334,0.834
2.385567,1.735273,1.1104800000000001,7.174652333333333,4.825663333333334,3.1453140000000004,6.210057333333334,0.84
2.3742133333333335,1.6932386666666668,1.075648,7.129386,4.914399,3.186074,6.1958183333333325,0.846
2.371133,1.649762,1.0452136666666667,7.1093096666666655,5.002740666666667,3.1748136666666666,6.196932333333333,0.852
2.3766153333333335,1.6026573333333334,1.015766,7.093518333333333,5.044420333333333,3.1658546666666667,6.18315,0.858
2.3859706666666667,1.548571,0.9794670000000001,6.729875,5.0407589999999995,3.157042666666667,6.180055,0.864
2.3957013333333332,1.4883356666666667,0.9298669999999999,6.665473666666666,4.896382666666667,3.143566,6.161206333333333,0.87
2.404316666666667,1.4299730000000002,0.886486,6.616303666666667,4.155039666666667,3.1357136666666663,6.178257333333334,0.876
2.4228816666666666,1.354218666666667,0.8389506666666667,6.532522333333333,3.99129,3.1353823333333337,6.190467666666667,0.882
2.4307286666666665,1.3025973333333332,0.8162723333333334,6.545175,3.9627610000000004,3.13859,6.209596,0.888
2.4351736666666666,1.2449136666666667,0.7872693333333333,6.812644,3.973089,3.1428670000000003,6.2376033333333325,0.894
2.4476246666666666,1.203821,0.7914160000000002,6.9407993333333335,4.009757333333333,3.135087,6.259748666666667,0.9
2.457615666666667,1.1555806666666666,0.8003833333333334,6.963581333333333,4.159275333333333,3.133751333333333,6.278918666666667,0.906
2.462797333333333,1.1265536666666667,0.8454989999999999,7.1692393333333335,4.251089666666666,3.0703486666666664,6.214355666666667,0.912
2.5103416666666667,1.069284,0.938386,7.441836666666667,4.318434,3.050214,6.252054,0.918
2.5357703333333332,0.9999410000000001,1.0131240000000001,7.9748649999999985,5.247579666666668,3.0392753333333338,6.467713666666666,0.924
2.5900920000000003,0.9179829999999999,1.056981,7.904877999999999,5.261665666666667,2.9266846666666666,6.333492333333333,0.93
2.656117666666667,0.8079856666666667,1.0869030000000002,8.4981,5.536082333333333,2.7308616666666663,6.217747666666667,0.936
2.7259919999999997,0.6783503333333334,1.1208826666666667,9.139679,4.424700666666666,2.439278333333333,6.170552666666666,0.9420000000000001
2.7939616666666662,0.5142003333333333,1.164835,9.013016666666665,3.407461,2.0870276666666667,6.145463666666667,0.9480000000000001
2.8668366666666665,0.3680723333333333,1.2308329999999998,9.919201333333334,4.929632333333333,1.1813200000000001,13.969233666666668,0.9540000000000001
2.9366196666666666,0.20661300000000007,1.234394,9.527452,5.441084,0.38441533333333333,14.469135666666668,0.96
3.0016383333333336,0.05569233333333331,1.1899369999999998,9.781856666666668,5.864673,0.447788,9.498821999999999,0.966
3.0489843333333333,-0.05866166666666676,1.0874336666666666,9.526857,5.9527703333333335,0.4162363333333334,9.245072666666667,0.972
3.0858456666666663,-0.14707299999999993,0.9517856666666665,6.666535333333333,6.317607333333334,6.061723000000001,8.640541666666666,0.978
3.096411,-0.21438500000000005,0.8273449999999999,6.380564333333333,6.458313333333333,6.222229000000001,8.042815,0.984
3.09034,-0.266756,0.723853,6.904021666666668,6.745704666666666,6.440888999999999,7.632233,0.99
3.069808666666667,-0.30770366666666665,0.640958,7.161952333333333,6.965604333333332,5.927900666666667,7.670742333333333,0.996
3.0219253333333334,-0.3427183333333333,0.6019873333333332,6.306952333333332,5.480850666666666,3.287641666666667,7.154652333333334,1.002
3.0068843333333337,-0.3533443333333334,0.5733756666666667,6.095890999999999,5.28576,3.258804666666667,6.885075666666666,1.008
2.9779353333333334,-0.366192,0.589994,5.8409070000000005,5.210239666666666,3.1824236666666668,6.842442000000001,1.014
2.954994333333333,-0.38179566666666664,0.5896753333333332,5.752414333333333,5.18348,3.1557793333333333,6.791941666666666,1.02
2.940167666666666,-0.38263566666666665,0.6300906666666667,5.682740333333332,5.160460333333333,3.1313429999999998,6.800736000000001,1.026
2.936136,-0.3846913333333332,0.6453693333333335,5.5482613333333335,5.190788333333333,3.1192993333333336,6.780030666666666,1.032
2.939020333333333,-0.3646180000000001,0.6732206666666665,5.5638250000000005,5.167817666666667,3.106594,6.739093333333334,1.038
2.941164666666667,-0.35693333333333327,0.6922616666666667,5.946375333333333,5.162727666666666,3.0916646666666665,6.7003449999999996,1.044
2.947024666666667,-0.3205980000000001,0.706786,6.1605300000000005,5.053506333333334,3.086384333333333,6.715376333333334,1.05
2.9507623333333335,-0.3033696666666666,0.703827,6.553921666666667,4.891424000000001,3.0832486666666665,6.748367999999999,1.056
2.953642666666667,-0.27126866666666666,0.6925003333333333,6.14957,4.622120333333334,3.0952819999999996,6.637095333333332,1.062
2.9539046666666664,-0.23769833333333334,0.6707260000000002,6.149339,4.446844333333334,3.095693666666667,6.628004999999999,1.068
2.9535726666666666,-0.21057233333333336,0.6420203333333333,6.139677,4.292054,3.0961913333333335,6.623835666666667,1.074
2.951921,-0.1874273333333334,0.6034946666666666,6.099656,4.149488,3.783001666666666,6.561573666666668,1.08
2.947713333333333,-0.17004699999999998,0.5545003333333333,6.120465666666665,3.645576333333333,3.1116363333333332,6.575008666666666,1.086
2.942080666666667,-0.1562593333333333,0.49240133333333325,6.038820666666666,3.6452129999999996,3.115800666666667,6.6186783333333326,1.092
2.9345673333333333,-0.1428473333333334,0.4161246666666667,6.16213,3.522423,3.1237806666666668,6.665004666666666,1.098
2.9257380000000004,-0.13104466666666678,0.32592966666666673,6.264170666666668,3.330603,3.130284,6.715321666666665,1.104
2.9177503333333337,-0.12234766666666659,0.220867,6.290054666666667,3.3769536666666666,3.14355,6.771656666666668,1.11
2.910389666666667,-0.11669466666666677,0.10372933333333334,6.300591666666667,3.390993,3.143469,6.834942000000001,1.116
2.9016886666666664,-0.1108673333333332,-0.009040333333333428,6.282438333333334,3.3141659999999997,3.1415826666666664,6.789654666666666,1.122
2.888384,-0.10666100000000005,-0.12915100000000004,6.263022333333333,3.3071823333333334,3.1529283333333336,6.481597333333333,1.1280000000000001
2.881666333333333,-0.10482299999999996,-0.17475933333333346,6.244078666666667,3.0495319999999997,3.1519573333333333,6.380987999999999,1.1340000000000001
2.880201,-0.10538666666666652,-0.1708323333333334,6.226413666666666,3.057135666666667,3.101653666666667,6.841587666666666,1.1400000000000001
2.8848366666666667,-0.1083633333333333,-0.1285926666666666,6.226777000000001,4.016443333333333,3.146171666666667,6.339924333333333,1.1460000000000001
2.8969020000000003,-0.12173866666666666,-0.089252,5.256944333333333,5.317071333333334,3.1475043333333335,5.874218,1.1520000000000001
2.912917333333333,-0.14435166666666674,-0.07213933333333333,3.6635690000000003,5.565687999999999,3.1478300000000004,5.597567000000001,1.158
2.9363316666666663,-0.17310000000000003,-0.06267666666666664,4.067851,5.651084666666667,3.130834333333333,5.683706,1.164
2.9604053333333336,-0.19993633333333335,-0.03613566666666664,3.8604013333333334,5.689412,3.122465333333333,6.023721666666667,1.17
2.975809,-0.21916633333333335,0.011342666666666648,4.137406333333334,5.402211,3.1351030000000004,6.0245880000000005,1.176
2.98091,-0.231815,0.07012166666666671,4.322987,5.160927666666667,3.1344,6.041419333333334,1.182
2.9760546666666667,-0.21146599999999996,0.1280053333333333,3.055392,5.2233860000000005,3.132616,5.989249,1.188
2.979581,-0.21907433333333337,0.18642266666666665,3.0301310000000004,5.2242,3.15467,5.773482333333334,1.194
2.9844120000000003,-0.21898033333333336,0.24258966666666668,3.037993333333333,5.746549333333334,7.756825,5.552837333333334,1.2
2.988823,-0.19242166666666669,0.3137546666666667,3.0567016666666667,5.801392,7.779575,5.412431333333333,1.206
2.991571333333333,-0.13413899999999998,0.347753,3.0592856666666663,6.048481333333334,8.171005666666666,5.039163333333334,1.212
2.997317666666666,-0.049823333333333386,0.304542,3.0669500000000003,6.395308,8.520291666666667,4.612596,1.218
3.005469,0.026312333333333344,0.22415900000000002,3.101524,6.696529333333333,8.731998333333333,4.679249333333334,1.224
3.015218666666667,0.18672233333333332,0.059544333333333276,3.118669333333333,7.910924333333334,6.515499666666666,4.035607333333333,1.23
3.0243409999999997,0.32551366666666665,-0.07090400000000001,3.1230766666666665,8.404744666666666,6.4556119999999995,3.9713849999999997,1.236
3.03834,0.5240173333333334,-0.18629333333333334,3.1247046666666667,6.342591666666666,6.407610333333333,3.9555520000000004,1.242
3.048536,0.6413960000000001,-0.25657099999999994,3.1240236666666665,6.268072666666666,6.361577333333334,3.979056333333333,1.248
3.060907666666667,0.8114893333333333,-0.3301609999999999,6.446849,6.138543000000001,6.372955,4.331931999999999,1.254
3.048455666666667,0.9789646666666667,-0.365772,4.787176666666666,6.149448,6.391672333333333,3.8586110000000002,1.26
3.020322666666667,1.1242093333333332,-0.36699433333333337,3.947279,6.144393666666667,6.41753,3.715799666666667,1.266
2.9803623333333333,1.2804913333333332,-0.35420366666666664,3.0980306666666664,6.091505333333333,6.451710666666667,3.5947299999999998,1.272
2.938881666666667,1.444083,-0.31345566666666663,3.0952153333333334,6.160552666666667,6.445645666666667,3.1836463333333334,1.278
2.903497,1.6145589999999999,-0.24591800000000008,3.086486666666667,6.162057666666667,6.438840666666667,3.1223763333333334,1.284
2.8819163333333333,1.7836233333333336,-0.15023033333333333,3.0904336666666663,6.151935999999999,6.411503666666667,3.1278243333333333,1.29
2.8613726666666666,2.0023223333333333,-0.01697766666666663,3.101264666666667,6.135186666666667,6.387283333333333,3.130069333333333,1.296
2.8510116666666665,2.166658333333333,0.08255766666666668,3.0968839999999997,6.121751666666667,6.372443666666666,3.120139333333333,1.302
2.8472526666666664,2.349659,0.18635000000000002,3.090737666666667,6.127706,6.411934666666667,3.111190666666667,1.308
2.8508986666666662,2.5381906666666665,0.268732,3.0903053333333332,6.124982333333333,6.398504,3.1130763333333333,1.314
2.854748333333333,2.754782666666667,0.31348899999999996,3.0853076666666666,6.112558333333332,6.365634,3.1009353333333336,1.32
2.8702959999999997,2.9293853333333337,0.33887599999999996,3.0812143333333335,6.067463,6.336609,3.089616,1.326
2.8718133333333333,3.1204033333333334,0.3288403333333334,3.076218666666667,6.052932000000001,6.3028656666666665,3.144304333333333,1.332
2.861273,3.335223333333333,0.28282533333333343,3.073176666666667,6.040439999999999,6.276201666666666,3.135680333333333,1.338
2.8623089999999998,3.5001823333333335,0.22841566666666666,3.070264,6.067813,6.294952333333334,3.123715333333333,1.344
2.875371,3.7088360000000002,0.137261,3.064709666666667,6.060991333333334,6.308098666666666,3.1443549999999996,1.35
2.855006,3.8852863333333336,0.02292900000000005,3.0631953333333333,6.067056666666666,6.311675000000001,3.1428166666666666,1.356
2.8560043333333334,4.110839333333334,-0.129765,3.0626836666666666,6.078454666666666,6.327946666666667,3.1391663333333333,1.362
2.8262826666666663,4.280012,-0.275216,3.087168,6.097544999999999,6.318542000000001,3.1411526666666667,1.368
2.8299013333333334,4.481521,-0.4319886666666666,3.088096333333333,6.103267333333334,6.3057609999999995,3.1370993333333335,1.374
2.772960666666666,4.654442666666667,-0.6077383333333333,3.0884213333333332,6.118211,6.304658,3.1353156666666666,1.3800000000000001
2.760253,4.799338666666666,-0.7254109999999999,3.092367,6.1237103333333325,6.310153333333333,3.06894,1.3860000000000001
2.731624333333333,4.947478333333334,-0.8368883333333333,3.0970956666666667,6.127569666666666,6.3196753333333335,2.996999333333333,1.3920000000000001
2.686081,5.094716000000001,-0.9407833333333334,3.103358333333333,6.136496666666666,6.342386333333334,2.6762073333333336,1.3980000000000001
2.6918213333333334,5.192103666666667,-0.9786573333333334,3.0812546666666667,6.133204666666667,6.34063,2.5977786666666667,1.4040000000000001
2.644208666666667,5.311095000000001,-1.0497560000000001,3.0666136666666666,6.127136,6.336147999999999,2.6107573333333334,1.41
2.6071009999999997,5.393770333333333,-1.0613706666666667,3.0226593333333334,6.120604,6.326931999999999,2.532084,1.416
2.578845,5.4850053333333335,-1.144744,3.0351996666666667,6.116347,6.312694333333333,2.4955253333333336,1.422
2.542601,5.551745999999999,-1.207358,3.0410986666666666,6.110728999999999,6.300705333333333,2.467964333333333,1.428
2.5024930000000003,5.6014566666666665,-1.2838043333333333,3.0371246666666667,6.101607666666666,6.297943666666666,2.4431646666666667,1.434
2.4306550000000002,5.626746,-1.357225,2.563332,6.101551000000001,6.289711,1.9862486666666666,1.44
2.377754,5.636899333333333,-1.4843026666666665,2.381190333333333,6.105191666666667,6.280552333333333,1.8341526666666665,1.446
2.3137943333333335,5.636233333333333,-1.6035686666666666,2.252251333333333,6.133489,6.305239666666666,1.7624023333333334,1.452
2.221290666666667,5.5935163333333335,-1.7798763333333334,2.3044196666666665,6.145265333333334,6.278167000000001,1.6121026666666667,1.458
2.213578666666667,5.5363739999999995,-2.099798,1.7323626666666667,6.148028666666666,12.194843666666666,1.4543886666666666,1.464
2.114212333333333,5.449576333333333,-2.2375073333333333,1.5115286666666667,6.1706959999999995,14.375891000000001,0.9659893333333334,1.47
2.059375666666667,5.417836,-2.2897863333333333,1.1160816666666666,6.174292,13.947315000000001,0.563913,1.476
1.9526043333333332,5.387094666666667,-2.2660123333333337,0.919779,6.1603423333333325,9.826849333333334,0.10303833333333333,1.482
1.8504536666666667,5.361760666666666,-2.209502,0.7661866666666667,6.142129999999999,9.713941333333333,0.101348,1.488
1.7585966666666664,5.393108333333333,-2.0827913333333337,0.771045,5.844371,9.522691,0.19431466666666666,1.494
1.6774023333333339,5.510433,-1.8521566666666667,0.797286,3.6274976666666667,9.161183666666666,0.31111300000000003,1.5
1.5885063333333331,5.6125126666666665,-1.6377300000000001,0.8849816666666667,3.6863770000000002,9.057798,0.0,1.506
1.5039850000000001,5.739824,-1.407367,0.715896,3.862814666666667,8.947137666666666,0.0,1.512
1.4221890000000001,5.822454666666666,-1.2896866666666666,0.667717,3.9027763333333336,8.913137333333333,0.0,1.518
1.4003249999999998,6.004788333333333,-1.1812406666666666,0.5907993333333333,3.656495666666667,8.630455,0.0,1.524
1.3810233333333333,6.281178999999999,-1.0583216666666666,0.5396816666666667,3.6580859999999995,8.313969666666667,0.0,1.53
1.362554,6.440009666666666,-1.1419346666666668,0.5513223333333334,3.551577333333334,8.282469333333333,0.0,1.536
1.4045886666666665,6.804338666666667,-1.0556186666666665,0.20281033333333334,3.1533603333333335,7.7155223333333325,2.6332786666666665,1.542
1.430449,7.138827666666667,-1.0593926666666666,0.45536233333333337,17.825295333333333,7.871274333333335,2.808472666666667,1.548
1.447908,7.462509999999999,-1.2166929999999998,0.8541926666666666,6.991989333333333,8.660350666666666,3.233491666666667,1.554
1.4649746666666668,7.6998663333333335,-1.7127396666666665,0.0,6.047813666666666,8.118929666666666,3.2615573333333336,1.56
1.5024316666666664,7.830342000000001,-2.2614293333333335,0.0,5.727765000000001,7.3163599999999995,3.276714333333333,1.566
1.5427543333333336,7.9164043333333325,-2.9155036666666665,0.0,5.017769,6.779194,3.2915763333333334,1.572
1.5953849999999996,7.956011666666668,-3.49445,0.7402076666666666,5.506666,6.143267666666667,4.552816,1.578
1.6543243333333326,7.935372666666667,-4.1389819999999995,0.0,5.211714,5.222991333333333,6.70001,1.584
1.6812396666666671,8.042299,-4.594723666666666,1.08859,4.902336333333334,4.68029,6.140872000000001,1.59
1.7303743333333335,8.177736000000001,-5.088065333333334,15.471317333333333,4.567158,4.464994,4.7178569999999995,1.596
1.7772063333333332,8.319510000000001,-5.511888333333332,4.52763,4.6116763333333335,5.055327,4.354851333333333,1.602
1.8259506666666667,8.427726,-5.843090666666666,4.105918,4.653583,4.791249666666666,4.169426,1.608
1.902121,8.579281,-6.193724,3.9141323333333333,3.6668653333333334,4.859962,3.7864350000000004,1.614
1.9601910000000002,8.595184000000001,-6.351261333333333,3.6685986666666666,3.5266699999999997,5.081972,3.8298366666666666,1.62
2.059321,8.767423,-6.648207666666667,3.5233836666666662,3.527328333333333,5.399963666666667,3.424444,1.6260000000000001
2.155521,8.897735333333333,-6.847487666666667,3.3466883333333333,3.611953,5.293606,2.8817326666666667,1.6320000000000001
2.2451933333333334,9.072424333333332,-7.017737,3.2993170000000003,3.8607953333333334,9.901592333333333,2.8718493333333335,1.6380000000000001
2.389809333333333,9.027763,-6.966354,3.2468076666666668,3.036410666666667,8.341407333333335,2.8766390000000004,1.6440000000000001
2.5383060000000004,8.960207666666667,-6.794875666666667,3.245972666666667,3.040969666666667,7.185888666666667,4.487724666666667,1.6500000000000001
2.7335810000000005,8.819632,-6.555788333333332,3.1979403333333334,3.0450890000000004,6.339725666666666,4.637218666666667,1.6560000000000001
2.9095103333333334,8.673831,-6.362184666666667,3.1467753333333337,3.0447233333333332,5.948730666666667,4.543632666666666,1.6620000000000001
3.1072496666666662,8.557709333333333,-6.1286,3.1245446666666665,3.050888666666667,5.203888,4.403174333333333,1.668
3.3856990000000002,8.388008666666666,-5.830979666666667,3.565186333333333,3.0557806666666667,4.759474,4.145948333333333,1.674
3.511835666666667,8.321077,-5.702033666666666,3.379106666666667,5.066025666666667,4.350276,4.214680666666667,1.68
3.6831893333333334,8.215334333333333,-5.548102,3.3941236666666668,3.637328333333333,3.9379579999999996,3.897952,1.686
3.8114023333333336,8.146845666666666,-5.4780413333333335,3.096125333333333,3.9580416666666665,3.8801349999999997,4.078726666666667,1.692
3.939495666666667,8.052872666666667,-5.385606666666667,3.040096,3.064873,4.380147666666667,3.9160963333333334,1.698
4.058482000000001,7.9910993333333336,-5.279592,3.010552333333333,3.064833,4.44845,4.020725333333333,1.704
4.170085,7.9417979999999995,-5.154824333333333,3.7999993333333335,4.68082,4.276318666666667,3.9706999999999995,1.71
4.264530333333333,7.903558333333334,-5.033117333333333,3.6003786666666664,4.310341,4.481537333333333,4.148700666666667,1.716
4.3422686666666666,7.878437000000001,-4.920112666666666,3.395433666666667,3.4757373333333335,4.440477666666667,4.503018333333333,1.722
4.402857,7.868858,-4.817458333333334,2.9911013333333334,3.5198490000000002,4.516941666666667,4.589410333333333,1.728
4.4506879999999995,7.887358333333334,-4.7392959999999995,2.962953666666667,3.104048,4.5131336666666675,4.611511,1.734
4.466444,7.9079906666666675,-4.621482666666666,3.815419,3.0516276666666666,3.1064706666666666,4.70663,1.74
4.481611333333333,7.949184333333332,-4.549224333333333,3.613073,2.776835333333333,3.111219333333333,4.908790333333333,1.746
4.452562,7.983246666666666,-4.397273666666667,3.7977046666666667,2.723032,3.1222619999999996,5.208231333333334,1.752
4.411602333333334,8.026278666666666,-4.244780333333334,3.7307259999999993,3.4604800000000004,3.1310393333333333,4.96161,1.758
4.350112,8.068489999999999,-4.086382,3.6769580000000004,3.9570190000000003,3.125920666666667,4.747206666666666,1.764
4.262790333333334,8.105903,-3.9343873333333335,3.5829626666666665,4.361352,3.1259716666666666,4.619068666666666,1.77
4.108383333333333,8.132819333333334,-3.7597973333333337,3.752812666666667,4.984815333333334,3.126870333333333,5.070669,1.776
3.9744216666666663,8.150069333333333,-3.635282,3.544494666666667,5.141811,3.122783,5.019282666666666,1.782
3.832936333333334,8.181493000000001,-3.4721650000000004,4.119762000000001,4.886782,3.1267863333333334,4.979076,1.788
3.5828776666666666,8.211954666666665,-3.282674666666667,4.256806666666667,5.649831,5.803540666666667,4.194733333333333,1.794
3.378628333333333,8.234644666666666,-3.1282983333333334,4.1437306666666665,6.687328666666666,7.3009553333333335,3.770948333333333,1.8
3.1086163333333334,8.265531000000001,-2.9805593333333333,3.7243433333333336,7.716730999999999,7.6429219999999995,3.547185666666667,1.806
2.892209,8.295420333333333,-2.853934666666667,3.0008296666666667,8.098218333333334,8.351621,3.595108,1.812
2.667302333333333,8.332416333333335,-2.7462033333333333,2.6023953333333334,8.763803333333334,8.783564666666667,3.4818029999999998,1.818
2.432712333333333,8.355519333333334,-2.651084333333333,9.125038666666667,8.812115666666667,9.624756,3.7189146666666666,1.824
2.269686,8.34821,-2.54466,9.200155333333333,9.501450333333334,9.895500333333333,3.852603333333333,1.83
2.0447523333333333,8.310069333333333,-2.419063,9.617389666666666,7.384550000000001,6.656652666666666,3.155113666666667,1.836
1.87041,8.240547000000001,-2.2917549999999998,4.515282,7.274072333333334,6.5577456666666665,3.5512230000000002,1.842
1.718691,8.157169,-2.1656126666666666,4.370236333333334,6.943383333333333,6.462492999999999,3.3645376666666666,1.848
1.56918,8.038645333333333,-2.0468629999999997,4.3751093333333335,6.808264,6.430192666666667,3.1815053333333334,1.854
1.4253616666666666,7.908142000000001,-1.9309296666666667,4.424141333333334,6.565763999999999,6.362652,3.1663693333333334,1.86
1.2884460000000002,7.769589333333333,-1.814497,4.408976666666667,6.415404333333334,6.307505333333334,3.1482576666666664,1.866
1.1518899999999996,7.6176260000000005,-1.6845976666666669,3.966685333333333,6.326653,6.267189666666667,3.1115456666666668,1.872
1.0294069999999997,7.4755243333333325,-1.6061830000000004,4.091511333333333,6.241566666666667,6.159142333333333,3.116374,1.8780000000000001
0.9014016666666663,7.317025666666666,-1.5408123333333332,4.171747666666667,6.150744333333333,6.229624,3.1198376666666667,1.8840000000000001
0.7762463333333333,7.153388,-1.5048529999999998,3.9512123333333338,6.118485333333333,6.281994666666667,3.120563,1.8900000000000001
0.6522926666666663,6.990662333333333,-1.4979509999999998,3.7611473333333336,6.0887020000000005,6.273357999999999,3.1205483333333333,1.8960000000000001
0.5459300000000002,6.844130333333333,-1.4874486666666666,3.656514,6.082,6.2628010000000005,3.1154456666666666,1.9020000000000001
0.43878866666666677,6.703341333333334,-1.5182796666666667,5.254384333333333,6.028947666666667,6.271477999999999,3.124098333333333,1.9080000000000001
0.334223,6.5721343333333335,-1.5682646666666666,4.66576,6.011191666666666,6.270431333333334,3.1133256666666664,1.9140000000000001
0.23383066666666638,6.4500470000000005,-1.6255536666666668,6.201949333333334,6.798740666666667,6.293541333333333,3.1019113333333332,1.92
0.14251733333333347,6.319239333333333,-1.631692666666667,4.905006333333334,6.059382666666667,6.3504483333333335,3.072181666666667,1.926
0.06649966666666707,6.1966823333333325,-1.6007213333333332,4.241688,6.024410333333333,6.372837999999999,3.0799543333333332,1.932
0.011196999999999827,6.088980333333333,-1.5528446666666669,2.7904666666666667,6.836189666666667,6.328743,3.0942716666666663,1.938
-0.034292666666666825,6.0088159999999995,-1.5014936666666667,2.8072966666666663,6.893147,6.298360333333332,3.0885979999999997,1.944
-0.04582566666666684,5.946085,-1.4392163333333334,4.4168563333333335,7.237387000000001,6.197058333333334,3.0958946666666667,1.95
-0.045993666666666634,5.887339666666667,-1.313885,4.288260999999999,8.029509333333333,6.363519,3.1013103333333336,1.956
-0.0006896666666668475,5.843986666666667,-1.185847,4.411146,8.415021666666666,6.284735666666667,3.123901333333333,1.962
0.09106066666666675,5.808713333333333,-1.0879226666666666,5.095458,8.171188333333333,6.177195,3.1146903333333333,1.968
0.146286333333333,5.779157666666666,-0.9770846666666667,5.9575976666666675,7.829346666666666,6.198736333333334,3.119745,1.974
0.20892066666666706,5.751889000000001,-0.8716716666666667,4.62823,8.386183666666668,6.195507999999999,3.1468493333333334,1.98
0.2673056666666665,5.731069000000001,-0.7894019999999999,4.286431333333333,9.256567333333335,6.164822,3.144219,1.986
0.3071553333333335,5.714240333333333,-0.7370316666666666,3.9932760000000003,10.081930999999999,5.806902,3.143440333333333,1.992
0.37706066666666693,5.6941543333333335,-0.7283776666666665,3.833602333333333,10.081024999999999,5.816942,3.131164333333333,1.998
0.435788333333333,5.666360333333333,-0.770306,6.3550753333333345,10.544035,6.135137333333333,3.1340109999999997,2.004
0.5043306666666668,5.628988333333333,-0.7992469999999999,6.006874666666666,10.013984333333333,6.227225,3.131694,2.0100000000000002
0.598683,5.544380333333334,-0.8470036666666668,4.4956760000000004,9.442615,6.422234666666667,3.1257403333333333,2.016
0.6435466666666662,5.494447,-0.9128089999999999,4.6469716666666665,8.113182,6.511791333333334,3.120537,2.0220000000000002
0.7034613333333338,5.422990333333334,-1.084833,3.4313369999999996,7.063098666666666,6.472858,3.1126679999999998,2.028
0.7455440000000001,5.361379333333333,-1.2352686666666666,5.365424999999999,6.615702,6.3963779999999995,3.0889093333333335,2.0340000000000003
0.7839486666666667,5.291122666666667,-1.3834736666666665,2.9253836666666664,7.1708099999999995,6.237964000000001,3.088207666666667,2.04
0.821203,5.225205,-1.5329373333333336,4.884905,7.049760333333334,6.316317333333333,3.10192,2.0460000000000003
0.8592710000000002,5.164310333333333,-1.6576060000000001,2.4872460000000003,7.037116666666666,6.247562666666667,3.1089703333333336,2.052
0.8846946666666664,5.121293333333333,-1.742899666666667,3.692409,6.967546666666666,6.251866666666667,3.100028333333333,2.058
0.9175423333333329,5.094069,-1.7936379999999998,1.5121253333333333,7.225383000000001,6.213524666666667,3.0976280000000003,2.064
0.9555476666666666,5.081030999999999,-1.841147,1.3652836666666666,7.1264563333333335,6.174226999999999,3.0909676666666663,2.07
1.0047709999999999,5.089847,-1.8845956666666668,1.404787,6.201685,6.1556723333333325,3.0784796666666665,2.076
1.0653940000000002,5.1224826666666665,-1.929316,1.5192816666666669,6.206787333333334,6.203125666666668,3.0693936666666666,2.082
1.1367526666666663,5.178487666666666,-1.9550236666666667,1.5314653333333332,6.199204666666667,6.23436,3.050559,2.088
1.2054223333333336,5.239938666666666,-1.9882386666666665,1.5275303333333332,6.190876666666667,6.257071000000001,3.076826,2.094
1.2782193333333332,5.343245,-1.9877843333333332,1.7149016666666668,6.208125,6.2490603333333326,3.120340333333333,2.1
1.347401666666667,5.471627000000001,-1.9514303333333334,1.9283089999999998,6.173653333333334,6.285698,3.1902190000000004,2.106
1.404375333333333,5.667258333333333,-1.844128666666667,2.1937763333333336,6.076142,6.275816666666667,3.22981,2.112
1.4540206666666666,5.849563333333333,-1.7607216666666667,7.165090333333333,13.635015666666666,6.2615376666666664,3.178834666666667,2.118
1.5024296666666668,5.996901666666666,-1.7550299999999999,6.211784000000001,13.803311333333331,6.284455,3.199044,2.124
1.5573556666666661,6.178512666666666,-1.6949896666666666,5.698883333333334,14.002123333333335,6.245977666666666,3.2008473333333334,2.13
1.6397136666666665,6.346669666666667,-1.6226856666666667,8.452133333333334,8.886882666666667,6.315978666666666,3.200185333333333,2.136
1.729817333333333,6.464466333333333,-1.5516653333333335,8.851951666666666,9.007550333333334,6.2760283333333335,3.195565333333333,2.142
1.826992333333333,6.523578999999999,-1.5766159999999998,7.339691666666667,8.899747333333332,6.476187333333333,3.1883273333333335,2.148
1.9300050000000002,6.557024333333334,-1.5967306666666667,7.402878,8.503986666666666,6.370263333333334,3.1585563333333333,2.154
2.0347733333333333,6.564117333333333,-1.6132966666666668,7.661779333333333,8.282161333333333,6.290035333333333,3.134726,2.16
2.1619883333333334,6.5598296666666664,-1.6186523333333334,7.9642126666666675,7.848970666666667,6.079582333333334,3.113971333333333,2.166
2.2848956666666664,6.547130333333333,-1.6008149999999999,8.070252000000002,8.462865666666668,6.056386333333333,3.0815963333333336,2.172
2.4282150000000002,6.508391666666667,-1.5682486666666666,8.95068,8.910118333333333,5.919619666666667,3.0773993333333336,2.178
2.5843583333333338,6.427814000000001,-1.5420996666666664,8.570700666666667,9.130498333333334,5.420983666666667,3.0597713333333334,2.184
2.7233380000000005,6.350268,-1.5011496666666666,8.565221333333334,10.190727,5.283125,3.043184,2.19
2.8800353333333333,6.226180333333333,-1.476275,8.335483333333334,9.755519999999999,5.156162,2.8793873333333333,2.196
3.0441033333333336,6.0542609999999994,-1.4614593333333332,8.026700333333332,7.283187000000001,5.1843536666666665,2.9844996666666668,2.202
3.2194196666666666,5.801720666666667,-1.5145600000000001,6.8867986666666665,6.706162999999999,7.5091573333333335,8.071309666666666,2.208
3.4057829999999996,5.551410333333333,-1.5584756666666666,6.0318336666666665,6.106878333333333,7.503442666666666,8.539408333333332,2.214
3.6025023333333324,5.282078,-1.5876183333333334,6.041911333333334,5.695926,7.787626666666667,9.296915,2.22
3.810045,4.990883,-1.586630666666667,5.929294333333334,4.653946333333334,7.004304,6.421757666666667,2.226
4.008931333333333,4.7612369999999995,-1.5177026666666666,5.774915,3.772192,6.955166333333334,6.462611,2.232
4.213288666666667,4.559418333333333,-1.4284063333333332,5.631680333333333,3.758265666666667,6.348294,6.481625333333334,2.238
4.4242349999999995,4.400174333333333,-1.264172,5.4611209999999994,3.876661,6.078834333333333,6.513994333333334,2.244
4.6451199999999995,4.271902666666667,-1.045835,5.425936666666668,4.105209333333333,6.274051,6.132017333333333,2.25
4.868595666666667,4.171592,-0.8094153333333335,5.523178333333333,4.052021333333333,6.275433333333333,5.931351666666667,2.2560000000000002
5.090610666666667,4.095260000000001,-0.5602190000000004,5.623292,3.880001333333333,6.357410333333334,5.666658000000001,2.262
5.310907333333333,4.040717666666667,-0.2992510000000002,5.582245,4.301793666666666,6.249274333333332,4.837421,2.2680000000000002
5.5219086666666675,3.9855929999999997,-0.12365233333333325,5.587965333333333,4.259542333333333,6.448394666666666,4.705382,2.274
5.677019333333334,3.9741793333333333,-0.05038266666666669,5.799539333333333,3.314098,6.646913666666667,4.463619333333334,2.2800000000000002
5.792935666666666,3.966866333333334,-0.02280633333333319,5.858923999999999,3.289906333333333,6.9140533333333325,4.33134,2.286
5.942037,3.931544333333333,-0.16451833333333354,5.925548333333334,3.2029563333333333,6.355309666666667,3.914692,2.2920000000000003
6.049201999999998,3.9180516666666665,-0.302093,6.0255529999999995,3.138741,6.319079666666667,3.799626,2.298
6.143456333333333,3.922489,-0.44479466666666667,5.989474666666666,3.084849333333333,6.250004999999999,4.071456666666666,2.3040000000000003
6.2222123333333315,3.953092,-0.5743963333333334,6.0073316666666665,3.0723306666666663,6.242188,4.071629,2.31
6.283706666666667,4.011825666666667,-0.6968893333333334,6.063299000000001,3.06007,6.249457666666667,4.024428333333334,2.316
6.3303683333333325,4.095899,-0.8032150000000001,6.277089666666666,3.078678666666667,6.2963130000000005,3.871134666666667,2.322
6.364328333333334,4.2051359999999995,-0.8717580000000001,6.429882666666667,3.0757586666666668,6.315315666666666,3.8019953333333336,2.328
6.389202666666667,4.332072,-0.9048170000000001,5.885864000000001,8.612746333333334,6.3717793333333335,3.766132666666666,2.334
6.406279999999999,4.462732,-0.9311063333333333,5.7803700000000005,8.687721333333334,6.452767000000001,3.735512,2.34
6.409407666666667,4.601345666666666,-0.9545046666666667,5.6657329999999995,8.705837666666666,6.443238333333333,3.552908,2.346
6.402566,4.744959333333333,-0.9831333333333334,5.455423,8.733135666666668,6.308332,3.394935666666667,2.352
6.3887,4.871947,-1.029745,4.780430666666667,6.317114,6.330954000000001,3.131588666666667,2.358
6.332501333333334,4.9855323333333335,-1.138282,4.6335923333333335,6.270131999999999,6.411236333333332,3.221322333333333,2.364
6.361890333333332,5.0775673333333335,-1.1940746666666666,4.4864749999999995,6.221018999999999,6.410485333333334,3.169711,2.37
6.281997,5.151609666666666,-1.323497,4.2356636666666665,6.140918666666667,6.409137666666666,3.1683990000000004,2.376
6.264531666666667,5.170847,-1.3967219999999998,4.115796333333333,6.089708333333333,6.416366333333333,3.1689753333333335,2.382
6.157402000000001,5.2170440000000005,-1.5374826666666666,4.037469666666667,6.113243999999999,6.375423666666666,3.170351333333333,2.388
6.157154333333334,5.220241666666667,-1.6286763333333332,4.006948,6.088392,6.369730666666666,3.1660076666666668,2.394
6.043272666666667,5.219059666666667,-1.7835819999999998,4.020564666666666,6.048824,6.3420309999999995,3.165540666666667,2.4
5.945736,5.205364666666666,-1.8969700000000003,4.591883666666667,6.0483590000000005,5.959594,3.1881183333333336,2.406
5.875414999999999,5.170473666666666,-2.0027906666666664,4.252626333333333,5.912486,6.323305,3.192240333333333,2.412
5.906232,5.0916266666666665,-2.085991,4.459991666666666,5.755385999999999,6.314669333333334,3.1968363333333336,2.418
5.837382666666666,5.028119333333334,-2.1832383333333336,5.043583333333333,5.4394763333333325,6.058575,3.2394010000000004,2.424
5.769669,4.952869666666666,-2.2721863333333334,5.451189666666667,4.192176,6.272290000000001,3.2341943333333334,2.43
5.707334,4.863958333333334,-2.3606196666666666,5.893643666666667,2.7671093333333334,6.011650666666667,3.2273956666666668,2.436
5.654922666666667,4.761771,-2.457967,5.993115666666665,1.7692626666666669,5.587217666666667,3.202644,2.442
5.612784666666666,4.652046333333334,-2.5717309999999998,6.279588333333334,1.1463666666666665,5.014773666666667,3.169166,2.448
5.650760666666666,4.5373643333333336,-2.654833,6.509707,0.91668,4.655506333333333,3.1112786666666667,2.454
5.541947666666666,4.417998333333333,-2.819569,6.576837666666666,0.20604466666666665,3.642087333333334,7.966499333333334,2.46
5.503679666666667,4.317395333333334,-2.946742,6.9249833333333335,0.29075466666666666,3.3290366666666666,7.653056333333333,2.466
5.497370666666666,4.217999666666667,-3.082784666666667,7.290939999999999,0.386654,3.2246756666666667,7.4407206666666665,2.472
5.398664666666668,4.141924333333333,-3.1884460000000003,5.662475000000001,0.6875746666666666,2.8067683333333338,7.8661829999999995,2.478
5.32318,4.046534666666667,-3.325778,5.496880999999999,0.6280846666666667,2.6713416666666667,8.127457666666666,2.484
5.241914333333334,3.9599523333333333,-3.560248,5.9804803333333325,0.33736000000000005,3.6611329999999995,5.230606333333333,2.49
5.222112666666667,3.879009333333333,-4.1055106666666665,6.441179666666667,0.0,3.2013606666666665,5.14039,2.496
5.116659000000001,3.855524333333333,-4.652218666666666,6.697855333333334,0.0,3.1042823333333334,5.156169,2.5020000000000002
4.989267999999999,3.865721666666667,-5.584437666666666,7.011732666666667,0.0,2.7056923333333334,5.2537910000000005,2.508
4.927621333333334,3.863524,-6.414135999999999,6.201431666666667,0.0,2.357246,5.608705666666666,2.5140000000000002
4.862252,3.874402,-7.240167333333333,4.0838443333333325,0.0,2.010517666666667,8.260942666666667,2.52
4.769518666666667,3.9082379999999994,-7.844143666666667,3.9993060000000002,0.0,16.161447666666668,6.429044666666667,2.5260000000000002
4.728789333333334,3.863096666666667,-7.9223833333333324,4.119337,0.0,16.283841666666667,5.929789333333335,2.532
4.659539333333332,3.7939113333333334,-7.854674,4.4096660000000005,0.904283,9.941688000000001,5.315172666666666,2.5380000000000003
4.628415333333333,3.7487026666666665,-7.670961333333334,4.306688333333333,0.0,9.381592,5.028208666666667,2.544
4.642185666666666,3.743741333333333,-7.422105333333334,4.925638666666667,0.0,8.336276666666667,4.739365333333333,2.5500000000000003
4.730730333333334,3.7386749999999993,-7.109828333333333,5.034405666666667,0.9058593333333333,7.257061666666666,5.571820666666667,2.556
4.853772666666667,3.8194889999999995,-6.795871666666667,4.850351,0.0,7.308403000000001,4.741873666666667,2.562
4.974453333333333,3.9571880000000004,-6.481378666666665,4.7113223333333325,1.0023963333333332,6.033812666666667,3.6259833333333336,2.568
5.150627333333334,4.105646666666666,-6.159127666666667,4.282152333333333,0.0,5.6439243333333335,3.5062529999999996,2.574
5.359047666666666,4.280200333333333,-5.817142333333334,4.059387,0.0,5.757193666666667,3.428358,2.58
5.591071666666667,4.473963333333334,-5.460855666666667,3.8576693333333334,0.0,5.806190000000001,3.312832333333333,2.586
5.8233206666666675,4.710274000000001,-5.132266666666666,3.049025,0.0,6.016438000000001,3.3975946666666665,2.592
6.05563,4.938660666666667,-4.843244666666667,3.038714666666667,0.0,5.736884,3.331932,2.598
6.27686,5.173002666666666,-4.6159973333333335,2.9915913333333335,0.0,5.568278666666667,3.2806010000000003,2.604
6.464072333333334,5.367280666666666,-4.465823333333334,2.9876733333333334,0.0,5.394020666666667,3.3521866666666664,2.61
6.619346666666668,5.626631666666666,-4.366228,3.8668766666666663,0.0,6.097166333333334,3.3640483333333333,2.616
6.831115333333334,5.913440666666667,-4.257174,3.6916316666666664,0.0,6.045589666666667,3.3670806666666664,2.622
7.073260666666666,6.258285666666667,-4.193161333333333,3.0381203333333335,0.0,6.041949666666667,3.1440513333333335,2.628
7.260657666666667,6.512474666666667,-4.168,2.9903863333333334,0.0,5.256875,3.172985666666667,2.634
7.517540666666668,6.870119333333332,-4.144984,4.4499173333333335,0.0,4.434923666666666,5.260464333333334,2.64
7.761043,7.209419,-3.97175,3.9985346666666666,0.0,3.6273586666666664,5.776545666666667,2.646
7.966961333333333,7.526982333333334,-3.7774906666666666,3.032697,0.0,2.6435116666666665,5.643533333333333,2.652
8.218151333333333,7.9419503333333346,-3.4384153333333334,3.0278189999999996,0.0,2.1564316666666667,5.700492333333333,2.658
8.486456666666667,8.4059,-3.0124036666666663,4.945717,5.210288666666666,4.290678666666667,6.420415000000001,2.664
8.610546333333334,8.541134666666668,-2.9197070000000003,4.037552333333333,4.8208356666666665,4.344828333333333,6.538405666666667,2.67
8.774672666666666,8.597428333333333,-2.9029066666666665,3.0326326666666668,4.3124986666666665,4.557029333333333,6.467684333333334,2.676
8.943915333333333,8.529996666666667,-2.993950333333334,3.0378589999999996,3.9397783333333334,4.813237,7.69923,2.682
9.057038333333333,8.423076,-3.1421989999999997,3.131199666666667,3.6981786666666667,4.937789666666667,7.804650666666667,2.688
9.161780666666667,8.282158333333333,-3.292965,3.1223006666666664,4.16485,5.020629666666667,8.036071666666667,2.694
9.256183666666667,8.126109,-3.420393666666667,3.109037333333333,3.944311666666667,5.425692000000001,7.971473666666667,2.7
9.289614333333335,8.011283666666666,-3.553654333333334,3.048947666666667,3.8246683333333333,5.132262666666667,8.244123666666667,2.706
9.317775666666668,7.913716,-3.6044293333333326,3.0496206666666663,3.7076746666666662,5.184776333333334,8.190173999999999,2.712
9.322715,7.851368666666666,-3.5844496666666674,3.9373806666666673,3.1848273333333332,4.857235333333334,8.430411,2.718
9.317308666666667,7.819165333333334,-3.4823753333333336,3.606248666666667,3.1491876666666667,4.660653333333333,8.490642,2.724
9.315356333333334,7.808520333333334,-3.315709333333333,3.575532666666667,3.122977333333333,4.316346,8.012987666666668,2.73
9.318408666666667,7.817382666666667,-3.121397333333333,2.9918193333333334,3.141154333333333,3.6402783333333333,7.975327666666668,2.736
9.296166666666666,7.8442126666666665,-2.935921,2.993111666666667,3.110003666666667,3.3566183333333335,8.082389666666666,2.742
9.290780333333332,7.885910666666667,-2.704406666666667,2.9465453333333333,3.0741703333333334,3.6028976666666668,8.137016666666666,2.748
9.284958999999999,7.946361666666667,-2.480406,2.9515126666666665,3.0320843333333336,3.4166516666666666,8.094634,2.754
9.256855333333334,7.997700000000001,-2.317429666666667,3.1673666666666667,3.556975333333334,3.321148666666667,7.982941333333334,2.7600000000000002
9.234268666666667,8.097265,-2.189429666666667,3.124565,3.4606403333333335,3.4738756666666664,7.787189000000001,2.766
9.264914,8.231365666666667,-2.094507333333333,5.416978,3.590761333333333,3.4029253333333336,7.649431,2.7720000000000002
9.208064333333335,8.322759666666666,-1.991715,4.5596793333333325,3.6873653333333327,3.565562,7.500492333333334,2.778
9.194587,8.464905666666667,-1.8074386666666669,4.015487666666667,3.367093,1.851846,8.511578333333333,2.7840000000000003
9.164830333333333,8.611181666666667,-1.6450993333333332,3.470444333333333,3.3915640000000002,1.4061960000000002,8.368451333333333,2.79
9.145648,8.781692333333334,-1.4879159999999996,3.499797333333333,3.3769636666666667,1.3297933333333334,8.143626666666666,2.7960000000000003
9.06452,8.908043666666666,-1.3460356666666666,3.650684,3.404318,1.5965059999999998,8.290136666666667,2.802
8.991108666666667,9.060269,-1.1828953333333334,3.573606,3.2942406666666666,2.0196686666666666,8.277527333333333,2.8080000000000003
8.912234333333334,9.202283666666666,-1.0220936666666667,3.0416786666666664,2.9630026666666667,2.2643706666666668,8.233057666666667,2.814
8.835597,9.317693666666665,-0.9094130000000004,3.032947666666667,2.8656369999999995,1.8657516666666665,8.608215666666666,2.82
8.769311,9.402559333333333,-0.8566546666666662,4.725576333333334,4.085594666666667,2.1436336666666667,8.637452666666666,2.826
8.717204666666667,9.468757333333333,-0.8276573333333332,4.962351333333333,4.4068146666666665,2.476874666666667,7.968015666666666,2.832
8.679169333333334,9.508229333333333,-0.8261973333333333,5.0119386666666665,4.779255666666667,2.6761466666666665,7.692717999999999,2.838
8.659362999999999,9.524570666666667,-0.8469063333333335,5.097810333333334,5.147815666666667,3.1234646666666666,7.296992666666665,2.844
8.655159666666668,9.490076666666667,-0.9062633333333334,12.565274,4.58258,4.691811,7.430395666666667,2.85
8.676957666666667,9.400007333333333,-0.9655083333333332,12.81496,4.366362333333334,5.672219666666667,7.304295666666666,2.856
8.748615333333333,9.282363333333334,-1.0381123333333333,8.441224333333333,3.7756513333333337,6.129380666666666,7.110703666666666,2.862
8.803193333333333,9.123132666666667,-1.0565583333333333,8.051714,3.0939056666666667,6.835450333333333,6.687993,2.868
8.872955,8.938317333333332,-1.050445333333333,7.939676666666667,2.869127666666666,3.604646666666667,6.350052666666667,2.874
8.952464333333333,8.752173666666666,-1.0596869999999998,7.731935,2.179578333333333,3.47629,6.275977666666667,2.88
8.995938333333333,8.582841333333333,-1.0638839999999998,7.358592666666667,0.310076,3.387348,6.244186666666667,2.886
9.092552333333332,8.423598666666667,-1.015252,7.356896666666667,0.260753,3.318975333333333,6.217220666666667,2.892
9.189111666666667,8.280199333333334,-0.9222346666666669,7.670561333333333,3.3990783333333336,3.2695163333333332,6.165846999999999,2.898
9.265729333333333,8.138334666666667,-0.8484153333333332,7.639027333333334,3.511302666666667,3.1406953333333334,6.192871666666666,2.904
9.291465333333333,7.9533190000000005,-0.7909586666666666,7.4665886666666665,3.118387666666667,3.1235776666666664,6.199632333333334,2.91
9.366021,7.8338573333333335,-0.7674663333333331,7.291546333333334,1.4365666666666668,3.128144666666667,6.199481,2.916
9.401109333333332,7.684107666666667,-0.7023343333333333,6.905644666666666,0.562694,3.132116,6.231694999999999,2.922
9.429485333333334,7.544063666666666,-0.5867550000000002,7.055342333333333,2.0511903333333334,3.145275,6.196713333333332,2.928
9.439715999999999,7.410354333333333,-0.4607860000000003,6.846563,3.754990333333333,3.1691706666666666,6.192779666666667,2.934
9.397573333333334,7.296565666666667,-0.33756233333333324,6.492651333333334,4.527035333333333,3.1684146666666666,6.166657000000001,2.94
9.339460333333333,7.126779333333334,-0.1963139999999998,6.229422333333333,6.1288133333333334,3.158151333333333,6.194564,2.946
9.327087999999998,7.0641543333333345,-0.09533299999999989,5.915927,6.4213873333333344,3.1596236666666666,6.213804333333333,2.952
9.263214,6.957992333333333,0.023348333333333155,5.2653533333333336,6.457629,3.1526029999999996,6.221801666666667,2.958
9.185963666666666,6.864965333333333,0.1506563333333332,4.527602000000001,4.343782,3.1593613333333335,6.1926,2.964
9.080115999999999,6.770531000000001,0.24710800000000002,4.426642,3.5705873333333336,3.1834876666666667,6.201109333333334,2.97
8.989940333333331,6.639582666666667,0.3128219999999999,4.215739666666667,3.4124393333333334,3.199173333333333,6.137896666666666,2.976
8.896090666666668,6.502456333333332,0.3640756666666667,3.388942333333333,3.3446650000000004,3.208311,6.106554,2.982
8.799035666666667,6.369654333333333,0.41629199999999994,3.175697333333334,3.261201,3.2354983333333336,6.074872666666667,2.988
8.698605333333333,6.2503796666666664,0.4760133333333334,2.572827333333333,3.229405,3.232559,6.005180666666667,2.994
