t,x,y,yaw,pitch,roll,fl_contact, fr_contact, rl_contact, rr_contact
0.0,0.99907,0.031724,-17.996495,6.810884,-1.333474,0.0,0.0,1.139703,0.0
0.0619999999999998,1.030972,0.032717,-19.70314,5.756083,-1.951373,0.0,0.0,0.0,0.0
0.1219999999999998,1.051392,0.036949,-20.500041,-1.173217,2.614401,0.0,0.0,0.0,0.0
0.1819999999999999,1.078157,0.095227,-10.313951,-4.641567,3.933398,0.0,0.0,0.0,0.0
0.2400000000000002,1.098567,0.164233,1.23014,-6.673372,-3.351868,26.820585,0.0,28.825588,0.0
0.302,1.123819,0.186099,4.776763,-11.654111,-1.925805,3.672514,7.998346,10.508112,0.0
0.3639999999999999,1.153425,0.186734,4.917875,-10.516297,1.137709,0.0,0.0,0.0,13.303698
0.4239999999999999,1.192493,0.170247,1.111415,-6.288918,7.283459,0.0,0.0,0.0,25.741196
0.4820000000000002,1.253874,0.160002,-0.195543,-2.897295,12.193549,0.0,0.0,0.0,8.72828
0.54,1.330228,0.149534,-0.994114,-0.149575,8.689783,0.0,0.0,0.0,0.0
0.6019999999999999,1.407854,0.13917,-1.901951,3.913989,6.16199,0.0,0.0,0.0,0.0
0.6600000000000001,1.481268,0.130668,-2.527911,1.606219,3.485573,10.972911,15.580648,0.0,0.0
0.722,1.555488,0.108215,-8.17914,-6.031546,-2.181007,1.578287,4.664362,0.0,0.0
0.7839999999999998,1.625115,0.104975,-8.071156,-14.072585,-2.324441,0.0,19.264426,0.0,0.0
0.8460000000000001,1.702739,0.108787,-6.492379,-11.282204,-3.142489,0.0,0.0,0.0,10.096166
0.906,1.788272,0.118556,-5.303269,-9.536649,-4.023605,0.0,0.0,12.817337,11.899525
0.9660000000000002,1.90557,0.127824,-5.208203,-6.984499,-3.833947,0.0,0.0,21.472582,0.0
1.024,2.041592,0.134445,-4.384102,-2.613824,-7.87428,0.0,0.0,0.0,0.0
1.0839999999999996,2.181032,0.146297,-2.403928,1.008909,-3.685492,0.0,0.0,0.0,0.0
1.144,2.317305,0.158752,-0.043211,5.095026,-3.941183,0.0,0.0,0.0,0.0
1.2060000000000004,2.430911,0.14878,-0.646529,-1.732752,6.069627,5.284927,13.568659,0.0,0.0
1.2679999999999998,2.515206,0.118017,-12.135166,-5.785348,8.86948,19.506083,13.979342,0.0,0.0
1.3280000000000003,2.607225,0.125223,-12.841981,-10.834595,-0.52534,0.0,0.0,0.0,23.686921
1.386,2.70635,0.147909,-9.765839,-10.34714,-1.947521,0.0,0.0,0.0,12.180529
1.4459999999999995,2.83231,0.176666,-7.052177,-9.369341,-8.814068,0.0,0.0,21.802025,0.0
1.5099999999999998,2.986759,0.201941,-5.046441,-3.596695,-13.616464,0.0,0.0,0.0,0.0
1.5700000000000005,3.125462,0.226065,-2.929708,4.080925,-15.180174,0.0,0.0,0.0,0.0
1.6340000000000003,3.244884,0.226611,-0.639573,6.933935,-12.197511,20.030887,0.0,0.0,0.0
1.694,3.319864,0.192538,-2.615433,2.716063,2.590491,6.979264,24.52131,0.0,0.0
1.7540000000000004,3.371905,0.155335,-7.840411,-3.565889,7.138722,9.711115,6.238759,0.0,0.0
1.816,3.435788,0.140531,-7.961891,-8.865771,5.596806,0.0,0.0,0.0,28.044085
1.88,3.517269,0.133114,-8.428191,-12.112115,2.876748,0.0,0.0,5.181761,20.846576
1.9400000000000004,3.621837,0.137755,-7.979139,-9.703356,-0.82157,0.0,0.0,20.414359,11.450891
2.002,3.757134,0.131253,-9.082653,-6.488374,-4.261458,0.0,0.0,0.0,0.0
2.0620000000000003,3.891272,0.122377,-10.210158,-0.987223,2.170029,0.0,0.0,0.0,0.0
2.122,4.023443,0.112492,-11.594415,3.149806,5.874474,0.0,0.0,0.0,0.0
2.1820000000000004,4.145744,0.099669,-13.432551,5.71069,11.375708,6.860687,27.40767,0.0,0.0
2.2460000000000004,4.24649,0.090548,-17.303891,-4.300023,10.272642,8.895277,10.314466,0.0,0.0
2.306,4.330739,0.074501,-22.574179,-10.933075,-3.085177,0.0,10.18468,0.0,0.0
2.37,4.438142,0.086602,-17.548807,-9.86896,-2.374216,0.0,0.0,27.069107,10.149844
2.4320000000000004,4.552952,0.082677,-16.912922,-6.972449,-4.046934,0.0,0.0,24.218599,9.932325
2.494,4.69047,0.058347,-18.879381,-3.703641,-7.145894,0.0,0.0,0.0,0.0
2.5540000000000003,4.823129,0.033588,-20.887759,3.165011,-7.39075,0.0,0.0,0.0,0.0
2.612,4.951,0.006183,-23.655467,6.986577,-9.174564,0.0,0.0,0.0,0.0
2.672,5.071678,-0.018306,-25.2999,10.292042,-9.603027,11.993023,0.0,0.0,0.0
2.732,5.127744,-0.032364,-25.916703,9.249522,9.443567,16.858331,9.826789,0.0,0.0
2.792,5.175047,0.005634,-18.220213,-6.959163,11.618521,0.0,16.787061,0.0,0.0
2.8520000000000003,5.218213,0.077017,-5.421839,-13.775898,-4.791337,0.0,0.0,18.998877,10.329759
2.91,5.258713,0.145482,4.919529,-11.92106,0.034127,0.0,0.0,2.686769,11.025587
2.97,5.306281,0.224645,16.758467,-9.734601,-0.27249,0.0,0.0,14.628052,7.69261
3.03,5.359868,0.299688,26.853775,-3.098026,-0.88065,0.0,0.0,0.0,0.0
3.088,5.407049,0.364456,35.193294,3.360756,2.853663,0.0,0.0,0.0,0.0
3.148,5.449738,0.427558,43.868274,9.510112,5.826699,0.0,0.0,0.0,0.0
3.208,5.468266,0.471139,51.833918,10.104503,7.211269,9.728941,5.09262,0.0,0.0
3.266,5.478671,0.48748,56.863916,-2.028109,3.878772,9.349672,0.0,0.0,0.0
3.3280000000000003,5.517498,0.491532,53.582173,-12.123382,2.195228,0.0,0.0,0.0,0.0
3.388,5.554521,0.522283,51.466305,-11.953088,1.347058,0.0,0.0,10.737744,9.305295
3.4480000000000004,5.59533,0.568526,50.144945,-9.64884,-1.136598,0.0,0.0,11.618734,10.560647
3.508,5.654158,0.643193,49.849767,-7.457185,-4.489334,0.0,0.0,5.737489,0.0
3.566,5.716593,0.722612,50.18626,-1.687218,-5.896132,0.0,0.0,0.0,0.0
3.626,5.779428,0.802361,50.494448,4.474693,-5.704298,0.0,0.0,0.0,0.0
3.686,5.839965,0.86821,50.52617,8.124187,-3.488481,10.331611,27.464491,0.0,0.0
3.742,5.883925,0.898362,49.553466,5.748824,-0.856612,9.649694,6.829847,0.0,0.0
3.802,5.922255,0.912727,47.621826,0.89312,2.243592,2.735518,9.386301,0.0,0.0
3.864,5.932223,0.938713,50.544863,-7.656488,5.865918,0.0,0.0,6.332606,10.272354
3.922,5.933856,0.97302,53.988534,-7.144423,0.58838,0.0,0.0,0.0,10.298098
3.982,5.939289,1.029545,56.97031,-5.036744,1.962769,0.0,0.0,19.586,21.511988
4.04,5.946515,1.119135,64.021814,-2.420269,2.070413,0.0,0.0,0.0,0.0
4.102,5.945108,1.214024,74.044958,5.79035,-0.836127,0.0,0.0,0.0,0.0
4.162,5.938446,1.295142,84.756725,13.403702,-4.714916,0.0,0.0,0.0,0.0
4.222,5.943322,1.352702,92.470313,15.01834,-5.576964,9.320218,8.777947,0.0,0.0
4.282,5.962467,1.402816,92.925328,5.458153,3.608805,0.020542,10.699471,0.0,0.0
4.342,5.963725,1.44507,94.455107,-9.365699,2.919447,0.0,0.0,0.0,11.191037
4.402,5.968384,1.493559,91.808026,-10.181239,-2.983362,0.0,0.0,4.563985,8.996574
4.462,5.974123,1.565021,87.829416,-9.690224,-2.186366,0.0,0.0,11.960229,15.107567
4.524,5.972715,1.677334,86.740647,-7.786437,-4.201061,0.0,0.0,0.0,0.0
4.584,5.969937,1.789944,86.427451,-4.035128,-3.948462,0.0,0.0,0.0,0.0
4.642,5.969627,1.896733,85.633327,-0.296346,-4.504427,0.0,0.0,0.0,0.0
4.706,5.988009,1.995861,82.461525,-5.348599,7.833366,10.053855,13.052407,0.0,0.0
4.766,5.989396,2.095893,82.223917,-6.11463,11.69253,8.016116,22.058125,0.0,0.0
4.826,5.978337,2.199779,83.128393,-10.571049,1.417199,4.036429,0.0,3.977286,0.0
4.888,5.967181,2.313424,81.620848,-9.455881,-4.227915,0.0,0.0,10.887337,9.062331
4.948,5.970467,2.444977,79.091529,-3.710112,-5.277076,0.0,0.0,22.052356,0.0
5.01,5.987408,2.59655,75.670252,2.075001,-4.496631,0.0,0.0,0.0,0.0
5.069999999999999,6.004251,2.742059,72.225652,6.260556,-0.452559,0.0,0.0,0.0,0.0
5.127999999999999,6.021469,2.880249,68.440332,9.502109,-0.948733,0.0,0.0,0.0,0.0
5.188,6.025455,2.99679,66.1239,11.46249,2.537625,11.322097,7.226298,0.0,0.0
5.248,6.04741,3.039154,58.470671,-2.596946,4.616035,7.002297,0.0,0.0,0.0
5.313999999999999,6.076489,3.067363,49.265477,-14.808953,-1.131907,0.0,0.0,0.0,0.0
5.374,6.098522,3.118055,49.023555,-11.855121,2.52345,0.0,0.0,9.934055,9.496638
5.432,6.141335,3.177627,47.67949,-9.479663,-0.02649,0.0,0.0,11.278102,10.376536
5.492,6.210059,3.257496,47.003852,-6.75934,-6.178384,0.0,0.0,2.20702,0.0
5.553999999999999,6.293462,3.339457,44.90111,-1.21532,-8.29817,0.0,0.0,0.0,0.0
5.614,6.374586,3.415889,42.347681,3.591209,-9.118262,0.0,0.0,0.0,0.0
5.674,6.447318,3.484112,40.521008,8.243997,-9.300311,10.607273,0.0,0.0,0.0
5.736,6.502495,3.503979,36.386289,-1.451317,0.02911,10.277617,8.722372,0.0,0.0
5.796,6.537896,3.524747,33.754114,-10.696566,2.326438,12.171638,0.0,0.0,0.0
5.856000000000001,6.569195,3.582582,38.02142,-13.387074,3.212126,0.0,0.0,13.362988,9.801758
5.914000000000001,6.61249,3.645866,39.269048,-10.068065,-0.61584,0.0,0.0,10.67786,14.611388
5.973999999999999,6.67717,3.724706,39.395356,-8.164134,-3.603806,0.0,0.0,18.14727,0.0
6.031999999999999,6.752948,3.807618,40.034461,-3.404155,-9.29576,0.0,0.0,0.0,0.0
6.092,6.829822,3.89111,40.644468,3.021801,-7.095367,0.0,0.0,0.0,0.0
6.154000000000001,6.905146,3.971191,40.980873,7.829509,-8.947305,15.462566,14.945557,0.0,0.0
6.214,6.935382,3.986442,35.070702,-4.851498,-11.089929,6.479587,8.988192,0.0,0.0
6.274,6.962156,3.971379,28.181439,-10.056671,-6.092261,13.548836,1.939995,0.0,0.0
6.332,6.9949,3.943133,21.171766,-16.90205,-3.92566,0.0,8.251736,0.0,13.696783
6.393999999999999,7.035352,3.911793,13.146242,-18.596661,-2.666941,0.0,0.0,15.143467,6.860558
6.454,7.090968,3.8871,7.674222,-15.881054,0.365315,0.0,0.0,19.259534,18.508679
6.512,7.169633,3.875841,6.667087,-16.80293,-8.487294,0.0,0.0,0.0,0.0
6.572,7.256963,3.86587,6.095184,-11.931749,-7.979063,0.0,0.0,0.0,0.0
6.634,7.347395,3.852953,4.973048,-8.442888,-11.131871,0.0,0.0,0.0,0.0
6.694,7.42363,3.840524,4.58349,-4.528408,-10.500886,10.719018,8.020507,0.0,0.0
6.755999999999999,7.482881,3.809864,1.505228,-2.32749,-9.554371,10.332972,0.0,0.0,0.0
6.816,7.538151,3.783455,0.025882,-8.095656,-4.354708,0.0,8.774238,0.0,0.0
6.877999999999999,7.593295,3.787708,2.394359,-14.409577,0.944005,0.0,0.0,0.0,10.502512
6.936000000000001,7.658939,3.796161,1.962484,-15.56359,-0.723624,0.0,0.0,9.713374,11.816737
6.998,7.755385,3.809071,1.389771,-14.828388,0.306438,0.0,0.0,8.986601,0.0
7.056,7.85471,3.82356,2.451454,-10.523662,-3.71134,0.0,0.0,0.0,0.0
7.114,7.954061,3.838201,3.475469,-6.702814,-5.395671,0.0,0.0,0.0,0.0
7.184,8.064829,3.852207,5.552613,-3.685497,0.929266,7.011251,17.127084,0.0,0.0
7.248,8.116122,3.867537,5.598335,-0.437265,5.6454,7.736814,9.586628,0.0,0.0
7.312,8.165048,3.886691,4.988614,-3.725592,7.41625,4.409673,2.874802,0.0,2.874802
7.374,8.218169,3.895712,1.693186,-10.177322,3.879514,0.0,0.0,10.179337,9.006698
7.434,8.283845,3.908801,0.077778,-12.50685,1.636738,0.0,0.0,14.166086,15.588768
7.492,8.36851,3.922929,-0.358281,-12.90125,-4.538992,0.0,0.0,5.387519,0.0
7.553999999999999,8.465061,3.942061,0.862862,-5.994324,-4.277224,0.0,0.0,0.0,0.0
7.614,8.557608,3.963658,2.805616,-1.31934,-3.682081,0.0,0.0,0.0,0.0
7.675999999999999,8.642855,3.975254,4.886768,3.5412,1.265379,11.350281,25.29183,0.0,0.0
7.734000000000001,8.697582,3.950055,2.704425,7.196438,-0.426325,16.897457,8.412744,0.0,0.0
7.794,8.75886,3.929494,0.963589,5.034299,0.001488,0.0,20.580726,0.0,0.0
7.856000000000001,8.824579,3.930161,1.583026,0.478736,10.080375,0.0,0.0,0.0,11.472473
7.918,8.902848,3.934052,0.728059,0.415749,2.019713,0.0,0.0,0.0,15.908473
7.994000000000001,9.031308,3.940564,-0.134288,4.40018,-1.565229,0.0,0.0,7.547894,0.0
8.056000000000001,9.141659,3.944024,-0.193849,11.066926,-8.860651,0.0,0.0,0.0,0.0
8.117999999999999,9.234697,3.957272,2.955332,12.370811,-7.862117,0.0,0.0,0.0,0.0
8.175999999999998,9.266125,3.98772,12.456493,4.518006,4.430491,9.430644,11.180445,0.0,0.0
8.236,9.284055,3.96212,9.197807,9.328535,9.375723,15.101444,9.011706,0.0,0.0
8.296,9.304071,3.922327,2.955104,13.665969,6.25511,0.0,2.683497,0.0,0.0
8.358,9.315266,3.906351,0.911618,13.390191,-2.216716,0.0,0.0,0.0,16.546036
8.420000000000002,9.316714,3.903026,-0.066755,14.012529,4.142393,0.0,0.0,7.379719,8.397563
8.482,9.328213,3.897667,-3.112017,15.882326,1.590287,0.0,0.0,16.999679,0.0
8.546,9.336059,3.901375,-0.534011,20.851694,-7.194389,0.0,0.0,0.0,0.0
8.606000000000002,9.33883,3.903087,3.110899,21.656402,-5.439164,0.0,0.0,0.0,0.0
8.668,9.33691,3.902673,7.721737,17.05455,0.819592,8.829378,10.955336,0.0,0.0
8.728000000000002,9.33649,3.901161,9.233316,11.666244,-0.504402,9.43863,8.720792,0.0,0.0
8.79,9.333223,3.892318,9.143237,10.026075,-8.469973,15.809844,12.965017,0.0,0.0
8.846,9.346258,3.888492,8.794133,3.595574,2.610497,9.276798,0.0,9.276798,11.253963
8.905999999999999,9.383557,3.892574,5.781746,-0.512365,1.280771,0.0,0.0,7.622234,8.40716
8.968,9.453308,3.903637,3.311213,-5.659315,-0.897653,0.0,0.0,10.224306,0.0
9.028,9.533969,3.919622,3.885918,-0.48927,-8.546851,0.0,0.0,0.0,0.0
9.088,9.610148,3.939149,5.51081,7.607336,-6.566731,0.0,0.0,0.0,0.0
9.15,9.685393,3.958907,7.514371,14.642763,-6.461776,14.146196,47.100425,0.0,0.0
9.212,9.720174,3.967432,9.119004,12.037843,-1.655085,10.49134,9.611872,0.0,0.0
9.271999999999998,9.75404,3.95341,7.145341,-0.720319,8.663273,0.0,2.489864,0.0,0.0
9.329999999999998,9.772625,3.942111,6.705548,-10.917951,6.597436,0.0,0.0,0.0,33.096765
9.39,9.797977,3.930756,4.497321,-15.227711,-0.074658,0.0,0.0,3.957211,9.159771
9.45,9.843641,3.92436,1.233615,-16.832938,0.853208,0.0,0.0,22.589748,1.777271
9.512,9.915223,3.920095,-0.427677,-16.342495,-6.157618,0.0,0.0,3.979549,0.0
9.57,9.988426,3.91841,-0.703199,-8.889329,-5.463481,0.0,0.0,0.0,0.0
9.63,10.061329,3.918257,-0.434415,-2.396861,-7.071853,0.0,0.0,0.0,0.0
9.69,10.122501,3.915195,0.822972,3.673763,-0.22986,11.197102,8.000116,0.0,0.0
9.752,10.165889,3.911551,4.871146,7.065101,-1.529559,6.92414,14.415289,0.0,0.0
9.814,10.213038,3.898408,6.222868,6.947981,0.121567,0.0,18.921855,0.0,0.0
9.872,10.267307,3.907326,8.770418,3.266897,2.79593,0.0,0.0,19.036819,9.295301
9.932,10.347085,3.908195,7.069566,3.495607,3.297942,0.0,0.0,0.0,18.518821
9.992,10.439442,3.913363,4.502725,8.241074,5.856905,0.0,0.0,0.0,0.0
10.053999999999998,10.519275,3.923332,3.237087,15.747582,-0.784743,0.0,0.0,0.0,0.0
10.111999999999998,10.532979,3.941261,4.42547,10.919506,-3.293777,0.0,0.0,0.0,0.0
10.172,10.53631,3.956883,7.18414,6.410297,-0.849214,9.802195,10.355723,0.0,0.0
10.236,10.52692,3.953585,6.494132,8.616669,-0.494775,7.830256,7.279873,0.0,0.0
10.297999999999998,10.526891,3.955558,6.273129,10.159134,4.565117,8.103612,10.279701,0.0,0.0
10.358,10.539426,3.935588,2.299657,9.939264,9.38607,0.0,0.0,0.0,17.571852
10.418,10.566727,3.92166,-0.74335,7.392027,2.115333,0.0,0.0,8.05932,8.835885
10.478000000000002,10.625187,3.916757,-2.475178,1.732029,0.928695,0.0,0.0,12.537596,13.553468
10.538,10.705604,3.92206,-0.675916,1.4384,-4.157198,0.0,0.0,0.0,0.0
10.598,10.78411,3.928039,1.52028,4.334312,-8.457725,0.0,0.0,0.0,0.0
10.658,10.855463,3.942293,6.438645,9.947755,-10.565933,10.146575,30.818595,0.0,0.0
10.718,10.884785,3.967971,16.096284,16.980659,-3.295282,0.0,3.530108,0.0,0.0
10.78,10.894734,3.97285,21.482469,20.218342,2.504326,7.073539,7.021289,0.0,0.0
10.84,10.898344,3.968535,20.45044,20.658818,7.066146,0.0,0.42112,0.0,26.290074
10.9,10.895043,3.965508,16.463377,24.591507,0.095867,0.0,0.0,0.0,4.220337
10.96,10.893805,3.966802,12.346342,23.791936,-8.069993,0.0,0.0,19.033101,3.847087
11.021999999999998,10.892537,3.965541,9.030469,25.762125,-9.294844,0.0,0.0,13.65312,0.0
11.082,10.903674,3.971176,8.457668,26.42529,-9.185355,0.0,0.0,0.0,0.0
11.14,10.91299,3.97795,9.277556,21.659091,-4.55784,0.0,0.0,0.0,0.0
11.202000000000002,10.914072,3.978893,10.043776,17.288268,-1.18388,8.939143,9.28067,0.0,0.0
11.260000000000002,10.912566,3.977024,9.079934,18.539957,0.776612,8.285591,8.073531,0.0,0.0
11.32,10.911221,3.976854,8.476633,18.785298,-0.234899,12.818964,8.408232,0.0,0.0
11.38,10.905883,3.974142,8.221291,19.595505,-3.371118,0.0,0.0,8.35932,9.55657
11.438,10.899207,3.968462,6.526002,22.867327,-5.143037,0.0,0.0,1.446182,9.320069
11.5,10.899359,3.967756,3.823346,26.116561,-6.306019,0.0,0.0,13.739471,0.0
11.562,10.913634,3.97485,3.92177,26.662712,-7.543907,0.0,0.0,0.0,0.0
11.624,10.925285,3.984866,5.986028,21.316901,-4.379597,0.0,0.0,0.0,0.0
11.684,10.927063,3.987536,7.283801,16.060469,2.177652,8.751636,9.746834,0.0,0.0
11.746,10.922584,3.989493,7.684789,18.096673,2.018874,9.457936,7.764314,0.0,0.0
11.806,10.915919,3.995802,10.568552,19.889872,2.574714,7.033393,9.235046,0.0,0.0
11.866,10.915017,3.991934,8.978309,21.345633,3.246564,0.0,0.0,6.291386,9.663177
11.924,10.912101,3.989823,4.913526,24.156647,-3.452297,0.0,0.0,2.66452,11.703918
11.984000000000002,10.910172,3.988768,1.217646,24.932497,-5.527479,0.0,0.0,9.414016,0.0
12.044,10.91508,3.992304,1.248883,27.127124,-9.914798,0.0,0.0,0.0,0.0
12.104,10.922542,3.997098,2.670831,25.442345,-5.853555,0.0,0.0,0.0,0.0
12.164,10.926895,4.000667,4.74127,18.138672,2.515667,10.127722,13.565772,0.0,0.0
12.224,10.925513,3.995509,3.651414,16.601963,1.75477,7.516123,6.614588,0.0,0.0
12.286,10.924911,3.994657,3.19492,18.210548,2.014764,9.161797,7.753672,0.0,0.0
12.348,10.922644,3.995307,3.732384,18.21858,-2.549033,0.0,1.396434,0.0,9.84971
12.408,10.912378,3.98874,2.620612,21.293782,-3.326527,0.0,0.0,9.739398,8.947313
12.468,10.905687,3.983442,2.694041,25.062907,-4.123637,0.0,0.0,0.767418,16.793296
12.532,10.910298,3.987042,2.680818,28.185815,-4.562733,0.0,0.0,0.0,0.0
12.59,10.915293,3.991019,3.292558,26.400314,-3.319224,0.0,0.0,0.0,0.0
12.652,10.913729,3.996287,5.828853,19.11922,3.123439,14.528718,11.293377,0.0,0.0
12.712,10.905269,4.002724,9.308839,14.193322,5.895114,10.168356,9.158864,0.0,0.0
12.774,10.897226,3.998108,12.036326,11.309292,6.562956,8.583416,8.577808,0.0,0.0
12.836,10.894002,3.975905,11.68671,9.605323,11.011735,0.0,21.906604,0.0,27.861007
12.896,10.900715,3.955072,7.385372,9.668309,3.723518,0.0,0.0,0.0,8.577977
12.956,10.926458,3.936374,1.099315,8.391803,-3.824122,0.0,0.0,15.438256,5.670951
13.016000000000002,10.970419,3.915737,-5.397233,6.903615,-11.391174,0.0,0.0,5.216473,0.0
13.076,11.009568,3.893984,-12.511857,9.44576,-12.113468,0.0,0.0,0.0,0.0
13.14,11.050527,3.87503,-16.806252,11.713564,-12.503092,9.026689,0.0,0.0,0.0
13.202000000000002,11.078994,3.842137,-20.623651,18.598295,-8.560638,9.947304,9.580991,0.0,0.0
13.260000000000002,11.083331,3.839965,-21.454449,24.989494,-8.004538,11.631313,5.848752,0.0,0.0
13.318,11.085019,3.833993,-21.936067,27.011461,-3.143422,4.889114,6.633088,0.0,0.0
13.378,11.099605,3.819459,-24.770859,25.72669,-4.293317,0.0,0.0,12.880864,9.067548
13.436,11.109188,3.804939,-28.496092,26.990815,-2.118095,0.0,0.0,19.074728,6.161538
13.498,11.115346,3.800498,-28.554926,30.975226,-3.251071,0.0,0.0,12.614468,0.0
13.560000000000002,11.135616,3.787216,-26.254711,30.48486,-7.264094,0.0,0.0,0.0,0.0
13.622,11.158092,3.76735,-24.346887,24.528334,-2.838782,0.0,0.0,0.0,0.0
13.682000000000002,11.161449,3.763362,-21.742468,20.041828,3.618607,7.251372,9.596519,0.0,0.0
13.744,11.158754,3.749314,-24.203702,21.008033,4.188511,11.907986,8.791308,0.0,0.0
13.804000000000002,11.156154,3.715598,-30.655766,22.944841,3.852349,9.267886,6.765333,0.0,0.0
13.866,11.158656,3.710008,-35.112615,23.523151,-1.32734,0.0,0.0,14.133802,17.972151
13.926000000000002,11.159443,3.709873,-39.313922,27.905146,-6.605632,0.0,0.0,8.735318,3.158931
13.986,11.159169,3.706891,-42.356121,32.328576,-3.516433,0.0,0.0,8.158953,0.0
14.044,11.171492,3.703684,-41.495819,31.573849,0.998367,0.0,0.0,0.0,0.0
14.104,11.183737,3.698818,-41.119957,25.083004,3.638141,19.204544,0.0,0.0,0.0
14.164,11.184792,3.704637,-39.510583,20.390152,5.257431,9.622842,13.792096,0.0,7.220017
14.222,11.183893,3.703968,-37.831113,19.738545,3.579354,7.770385,14.479913,0.0,0.0
14.284000000000002,11.17817,3.67746,-37.604258,18.300968,4.259891,9.873734,0.0,0.0,0.0
14.346,11.167822,3.633433,-39.106592,15.801758,16.214463,0.0,1.395154,0.0,12.341423
14.406000000000002,11.186728,3.593951,-39.298874,11.710191,10.706638,0.0,0.0,0.0,9.988508
14.466,11.236949,3.550381,-38.361796,2.941652,6.901161,0.0,0.0,0.0,6.067202
14.524,11.2847,3.503918,-39.802008,1.943364,3.733812,0.0,0.0,0.0,0.0
14.584,11.333079,3.456381,-41.368737,2.358887,-1.758071,0.0,0.0,0.0,0.0
14.644000000000002,11.382484,3.410461,-42.574065,2.889926,-4.165563,0.0,0.0,0.0,0.0
14.704,11.423347,3.360707,-44.306914,2.835939,-10.80142,14.38987,1.703845,0.0,0.0
14.768,11.444494,3.295096,-46.732096,4.268028,-17.458173,16.739337,10.772125,0.0,0.0
14.828,11.486219,3.252312,-45.076045,-4.387445,-8.602773,0.0,10.100243,0.0,41.990969
14.89,11.534056,3.219549,-45.281258,-7.387739,-4.110984,0.0,0.0,9.561727,8.740392
14.952000000000002,11.57385,3.163458,-50.754184,-5.53253,-8.275632,0.0,0.0,10.71744,0.906244
15.016000000000002,11.61912,3.092579,-56.191658,-2.152213,-5.023173,0.0,0.0,3.214388,0.0
15.080000000000002,11.666779,3.028147,-59.9056,4.944551,-0.219987,0.0,0.0,0.0,0.0
15.144000000000002,11.714286,2.968058,-63.272465,11.460931,4.349729,0.0,0.0,0.0,0.0
15.204,11.736681,2.911537,-68.887672,8.570771,3.478087,10.936461,4.013297,0.0,0.0
15.27,11.72445,2.85822,-76.387343,-1.363507,-0.295327,17.40766,3.896756,0.0,0.0
15.332,11.728011,2.830825,-76.746527,-2.188283,-11.777811,9.707077,0.0,0.0,13.11014
15.392,11.724496,2.781068,-80.033171,-1.633094,-6.195202,0.0,0.0,10.321458,8.057702
15.452000000000002,11.727211,2.687943,-82.760785,-3.024737,-1.077262,0.0,0.0,15.039412,8.537712
15.512,11.733457,2.574022,-84.874019,-0.508136,-5.136204,0.0,0.0,0.0,0.0
15.572,11.739587,2.462097,-87.062063,2.233806,-4.551693,0.0,0.0,0.0,0.0
15.632,11.744021,2.34906,-89.779054,3.50457,-7.525166,0.0,0.0,0.0,0.0
15.696000000000002,11.732541,2.234556,-93.288142,2.592898,-18.133278,14.51797,22.581843,0.0,0.0
15.756,11.704969,2.143703,-98.941067,3.428724,-10.759837,0.0,14.313565,0.0,0.0
15.814,11.717764,2.05115,-96.225301,-3.553522,2.245441,0.0,9.237844,0.0,0.0
15.872,11.744704,1.960566,-92.547011,-9.961886,-0.513124,0.0,0.0,9.747437,10.259991
15.934,11.762856,1.843147,-93.150384,-8.822063,-0.902568,0.0,0.0,12.297596,16.08618
15.992,11.780999,1.699701,-92.455702,-6.700627,-3.649535,0.0,0.0,0.0,0.0
16.054000000000002,11.802317,1.543379,-90.893706,-2.357601,-0.151076,0.0,0.0,0.0,0.0
16.114,11.820572,1.393273,-89.91958,0.39464,0.225258,0.0,0.0,0.0,0.0
16.174,11.836032,1.251527,-88.791608,2.493738,5.655572,17.941888,0.0,0.0,0.0
16.234,11.846627,1.14437,-88.882972,-3.332763,12.850201,9.20579,10.551133,0.0,0.0
16.292,11.847947,1.053317,-91.661346,-3.473419,7.771845,4.833257,6.546585,0.0,0.0
16.352,11.848182,0.960057,-94.428325,-7.707275,8.506264,0.0,0.0,0.0,9.975647
16.412000000000003,11.862313,0.864286,-93.552237,-6.717898,3.79016,0.0,0.0,8.708629,10.534622
16.472,11.876947,0.748648,-91.180051,-1.668072,2.501083,0.0,0.0,10.53389,4.757613
16.532,11.884613,0.627304,-89.503126,8.153679,-2.545798,0.0,0.0,0.0,0.0
16.594,11.895622,0.525589,-86.319917,10.39034,-2.882261,0.0,0.0,0.0,0.0
16.654,11.903948,0.439711,-82.26242,9.31036,2.22284,29.881404,0.0,0.0,0.0
16.714000000000002,11.893743,0.377241,-82.89014,3.242057,6.504932,11.270951,0.0,0.0,0.0
16.776,11.86891,0.350487,-85.42643,-0.603345,3.426288,7.823679,4.198802,0.0,0.0
16.834,11.858401,0.343641,-85.533806,-4.39919,9.628246,0.0,0.0,0.0,10.149794
16.894000000000002,11.871761,0.325292,-84.072589,-3.586342,6.820663,0.0,0.0,9.879391,9.381523
16.954,11.891554,0.273425,-80.79259,-0.049132,11.870918,0.0,0.0,14.871293,13.299421
17.014,11.882531,0.191753,-83.845113,5.429456,12.421279,0.0,0.0,15.337888,0.0
17.076,11.85979,0.103956,-88.74082,13.385589,4.275635,0.0,0.0,0.0,0.0
17.134,11.846065,0.028099,-93.353616,18.127655,-2.970287,11.542578,0.0,0.0,0.0
17.194000000000003,11.831673,-0.034282,-96.391486,9.249479,5.590605,2.433232,7.111693,0.0,0.0
17.256,11.829976,-0.082504,-96.05651,-3.34494,3.107271,9.806089,1.770736,0.0,0.0
17.314,11.83612,-0.136269,-94.395563,-11.794668,4.946089,0.0,0.0,0.0,0.0
17.376,11.846349,-0.197734,-93.47971,-13.039827,1.125519,0.0,0.0,9.258374,9.498083
17.438000000000002,11.855289,-0.280032,-94.769901,-10.631887,-1.694027,0.0,0.0,11.870386,18.589438
17.498,11.863432,-0.395295,-94.698699,-9.244345,-6.045526,0.0,0.0,3.612369,0.0
17.556,11.86813,-0.516479,-94.233316,-4.314288,-6.905948,0.0,0.0,0.0,0.0
17.62,11.874724,-0.648165,-93.354363,1.167493,-5.392794,0.0,0.0,0.0,0.0
17.68,11.877792,-0.762965,-92.599846,5.006074,-4.564916,10.944991,0.0,0.0,0.0
17.740000000000002,11.856357,-0.85805,-94.772566,3.393912,-6.927861,34.109175,0.0,0.0,0.0
17.802,11.81917,-0.952493,-97.933992,-3.631806,-3.068687,0.0,9.292141,0.0,0.0
17.862000000000002,11.810047,-1.038634,-97.247639,-11.14972,-0.658155,0.0,0.0,10.788114,10.299799
17.922,11.801487,-1.134178,-98.563678,-7.902259,-2.734855,0.0,0.0,15.155301,11.468348
17.982,11.789024,-1.262218,-100.214078,-6.110909,-4.03841,0.0,0.0,19.16532,0.0
18.042,11.775646,-1.408821,-100.211975,-1.561919,-6.844991,0.0,0.0,0.0,0.0
18.104,11.764076,-1.559501,-99.699027,2.839539,-4.784019,0.0,0.0,0.0,0.0
18.162000000000003,11.751366,-1.695667,-99.489579,6.372094,-3.129347,11.700787,0.0,0.0,0.0
18.224,11.733496,-1.80152,-99.085795,5.269872,3.147453,9.279274,8.079106,0.0,0.0
18.284,11.706379,-1.862297,-99.826649,1.800635,-0.695327,13.038694,9.581045,0.0,0.0
18.344,11.691109,-1.893907,-98.302626,-2.35345,7.18627,0.0,2.942042,0.0,11.286799
18.404,11.67984,-1.938315,-99.18654,-6.893467,3.183717,0.0,0.0,9.501345,9.207218
18.464,11.662114,-2.008314,-101.368072,-9.233363,0.712722,0.0,0.0,12.469545,13.454507
18.524,11.639859,-2.10822,-101.646931,-6.640613,-5.299918,0.0,0.0,0.0,0.0
18.582,11.616976,-2.204126,-102.053902,-0.625135,-7.326735,0.0,0.0,0.0,0.0
18.64,11.592573,-2.298436,-102.863253,4.230623,-9.304299,0.0,0.0,0.0,0.0
18.7,11.567734,-2.380911,-103.086028,6.152661,-5.188657,17.869193,16.515254,0.0,0.0
18.76,11.539887,-2.439359,-104.384726,3.983916,-2.746566,18.757325,15.876135,0.0,0.0
18.82,11.517406,-2.488825,-105.446863,-3.350656,0.889709,0.0,15.435615,0.0,0.0
18.882,11.521589,-2.539504,-103.677145,-6.150243,0.378292,0.0,0.0,16.993593,11.808332
18.944000000000003,11.523044,-2.595932,-102.597712,-1.872771,-1.064757,0.0,0.0,8.047321,7.845964
19.004,11.514887,-2.661056,-103.532262,3.625114,-2.198075,0.0,0.0,16.269113,5.821854
19.066000000000003,11.484571,-2.742298,-108.270405,7.164261,-6.568764,0.0,0.0,0.0,0.0
19.124,11.45392,-2.806866,-112.139467,9.292237,-9.859816,15.312294,0.0,0.0,0.0
19.182,11.395203,-2.81928,-118.137094,6.07867,-6.278232,18.365506,9.55687,0.0,0.0
19.244,11.327196,-2.798915,-126.35548,-0.038429,4.35948,3.230937,0.0,35.533918,0.0
19.306,11.286992,-2.780379,-130.203769,-2.677773,11.050059,0.0,16.35913,0.0,15.698485
19.37,11.252618,-2.786849,-132.81202,-2.934327,8.349127,0.0,0.0,17.879697,14.05274
19.432,11.211062,-2.823299,-133.105399,0.28577,7.618474,0.0,0.0,6.32108,2.39567
19.49,11.16069,-2.860695,-134.519787,2.347812,10.151137,0.0,0.0,0.0,0.0
19.554,11.111507,-2.893624,-136.97227,4.635331,6.395464,0.0,0.0,0.0,0.0
19.618,11.094994,-2.910589,-140.00792,5.145891,1.284826,0.0,0.0,0.0,0.0
19.678,11.102887,-2.919102,-143.03583,4.389841,-1.516162,3.095919,0.0,0.0,0.0
19.744,11.123966,-2.918528,-147.917287,-0.394722,-7.951371,9.819437,0.0,0.0,0.0
19.806,11.130761,-2.890566,-155.274805,-8.208822,2.933034,0.0,0.0,13.195065,33.927778
19.868,11.112534,-2.868555,-160.53474,-8.86499,4.158009,0.0,0.0,10.877664,20.032049
19.926,11.069807,-2.857246,-166.852302,-8.530805,-1.51435,0.0,0.0,11.59117,13.398227
19.988,11.001075,-2.863582,-169.998038,-3.405288,-3.595359,0.0,0.0,18.979614,0.0
20.046,10.915652,-2.868463,-172.140723,3.647517,-7.265656,0.0,0.0,0.0,0.0
20.11,10.826879,-2.862366,-175.323508,7.100599,-6.042264,0.0,0.0,0.0,0.0
20.172,10.784623,-2.867375,-175.261008,6.665959,-4.849582,17.456481,20.163757,0.0,0.0
20.232,10.763406,-2.882206,-170.601696,-4.570194,-9.168278,8.834172,6.413419,17.507141,0.0
20.296,10.754475,-2.892813,-161.287861,-11.131831,-3.926711,0.0,0.0,0.0,0.0
20.358,10.743469,-2.898813,-156.047554,-10.471834,-2.377495,0.0,0.0,36.361919,17.0388
20.42,10.702585,-2.903197,-156.895796,-7.52168,-0.571474,0.0,0.0,22.209787,10.048605
20.48,10.625797,-2.882038,-164.738363,-4.605426,4.410562,0.0,0.0,26.272781,9.493264
20.54,10.528741,-2.858005,-171.849007,4.102151,4.278878,0.0,0.0,0.0,0.0
20.6,10.440123,-2.836143,-177.917399,14.02566,4.205368,0.0,0.0,0.0,0.0
20.66,10.357931,-2.817733,176.365157,22.062066,6.412371,23.346987,0.0,0.0,0.0
20.724,10.277971,-2.819719,174.480098,19.188659,4.026317,15.448121,7.354651,0.0,0.0
20.788,10.198603,-2.817983,173.454009,6.508258,-2.602651,1.708171,7.013401,0.0,0.0
20.848000000000003,10.118744,-2.83026,173.513888,-4.118013,1.622602,0.0,0.0,0.0,9.897609
20.91,10.020574,-2.865356,175.673153,-2.93547,-2.569193,0.0,0.0,11.71457,11.955104
20.97,9.890725,-2.909381,178.578854,1.181061,-4.631023,0.0,0.0,11.994989,0.0
21.03,9.733893,-2.939309,179.191166,6.844119,-4.39313,0.0,0.0,0.0,0.0
21.092,9.572218,-2.97418,-178.893002,12.500647,0.872755,0.0,0.0,0.0,0.0
21.152,9.416543,-3.006013,-177.446998,16.609865,3.383548,77.662752,0.0,0.0,0.0
21.216,9.246268,-3.000402,179.548053,8.615146,6.380449,0.0,0.0,0.0,0.0
21.274,9.102106,-2.990922,176.30831,2.207446,4.841167,0.0,9.733374,0.0,0.0
21.336,8.954812,-3.012077,176.899568,-1.489836,-3.70213,0.0,0.0,0.0,28.488047
21.394,8.811665,-3.04468,179.220837,8.8427,-7.589548,0.0,0.0,8.493453,6.888204
21.454,8.652622,-3.077437,-177.448018,19.458986,-8.716422,0.0,0.0,0.0,0.0
21.514,8.499292,-3.075011,-177.508267,25.270072,-4.620508,0.0,0.0,0.0,0.0
21.578,8.337239,-3.075606,-177.272253,28.489249,12.011949,0.0,15.147053,0.0,0.0
21.638,8.170386,-3.092086,179.872005,21.496023,8.607928,0.0,0.0,0.0,0.0
21.694000000000003,8.023331,-3.095573,177.392001,12.882396,6.443538,28.730663,35.317915,0.0,9.703234
21.758000000000003,7.911368,-3.122062,-179.563699,25.436873,1.610052,32.716225,0.0,0.0,0.0
21.816000000000003,7.835344,-3.121411,-177.410858,39.296905,7.845365,0.0,0.0,0.0,0.0
21.876,7.745263,-3.08705,178.699978,46.915947,0.778836,0.0,0.0,0.0,0.0
21.934,7.672593,-3.061063,177.694031,46.21994,0.979328,0.0,0.0,0.0,0.0
21.994,7.615093,-3.036161,177.028801,46.19936,5.490287,0.0,0.0,0.0,0.0
22.054,7.555175,-3.002396,172.761256,44.937712,4.528374,0.0,0.0,6.964894,0.0
22.112,7.491376,-2.970227,170.117629,42.943094,-2.998267,3.108654,0.0,0.0,0.0
22.172,7.433498,-2.943893,170.936597,38.007887,0.687845,12.490524,21.915038,0.0,0.0
22.232,7.409532,-2.917707,166.115465,38.366871,-0.429046,9.401887,4.723678,0.0,0.0
22.294,7.402052,-2.907622,161.545843,39.846729,4.515326,0.0,0.94622,0.0,0.0
22.356,7.392537,-2.897608,155.88551,37.795276,-8.308149,0.0,0.0,20.036044,18.272747
22.416,7.390282,-2.896438,153.376368,39.702719,-11.497737,0.0,0.0,9.373226,3.290478
22.476000000000003,7.382628,-2.894239,152.594739,44.620111,-11.053573,0.0,0.0,11.422816,7.851892
22.536,7.343778,-2.881519,152.261918,45.360574,-5.162002,0.0,0.0,0.0,0.0
22.596,7.303817,-2.858412,149.130263,40.766167,-11.727034,0.0,0.0,0.0,0.0
22.658,7.262098,-2.837728,147.940322,31.24343,-12.112933,10.23796,17.557246,0.0,0.0
22.72,7.249881,-2.835911,147.638279,33.106346,-9.723075,6.238816,4.940884,0.0,0.0
22.78,7.249043,-2.834452,146.423196,35.294733,-8.650492,9.018651,5.972781,0.0,0.0
22.838,7.247839,-2.834324,145.444502,35.838998,-10.909267,0.0,0.810205,0.0,19.565922
22.898,7.253574,-2.837568,143.936175,38.669863,-9.210686,0.0,0.0,8.179798,9.377445
22.958,7.250687,-2.837079,139.302722,42.024654,-13.669174,0.0,0.0,6.399382,11.823695
23.02,7.222988,-2.831721,135.482549,44.156318,-14.219769,0.0,0.0,3.462305,0.0
23.08,7.201227,-2.819804,131.854411,41.895508,-19.387977,0.0,0.0,0.0,0.0
23.142,7.175524,-2.805991,130.594723,33.779654,-24.203897,9.458665,10.424291,0.0,0.0
23.202,7.128887,-2.820208,138.168671,30.645467,-17.346033,7.124433,12.64908,0.0,0.0
23.264,7.081485,-2.865931,153.945323,36.93469,-3.96043,12.707608,6.929729,0.0,0.0
23.324,7.073304,-2.87493,157.031894,39.190199,1.127847,1.805395,2.030439,0.0,0.0
23.386,7.072116,-2.875078,155.865013,41.380505,-5.537444,0.0,0.0,4.911552,8.605574
23.446,7.06962,-2.872732,150.324143,42.961961,-10.80932,0.0,0.0,4.487081,7.814572
23.506,7.064841,-2.870521,144.910042,44.296552,-11.475629,0.0,0.0,9.452712,0.0
23.568,7.055821,-2.863973,141.51617,42.650122,-15.825462,0.0,0.0,0.0,0.0
23.626,7.04498,-2.856117,140.044344,36.201263,-15.944273,0.0,0.0,0.0,0.0
23.688,7.029004,-2.854009,140.233996,29.176598,-17.542036,9.759466,12.236704,0.0,0.0
23.75,7.009982,-2.87698,146.482361,35.725205,-6.354939,13.703815,1.072403,0.0,0.0
23.812,7.00619,-2.877432,146.951636,39.197077,-1.397013,1.463261,3.57518,0.0,0.0
23.872,7.000669,-2.871101,145.212295,38.448222,-3.476014,0.0,0.492657,9.269406,21.181446
23.932,7.000112,-2.87034,139.564954,39.973954,-11.013211,0.0,0.0,0.0,6.526065
23.994,7.001564,-2.870817,132.650758,40.981628,-17.127166,0.0,0.0,7.524298,0.0
24.054,7.008573,-2.870519,125.998792,42.408902,-13.810975,0.0,0.0,0.0,0.0
24.112,7.007446,-2.866497,121.298374,37.179084,-14.885393,0.0,0.0,0.0,0.0
24.172,6.994014,-2.884819,124.640942,30.295396,-9.04692,18.805337,9.852331,0.0,0.0
24.234,6.961352,-2.939621,139.619871,28.393996,0.746476,10.31496,14.242802,0.0,0.0
24.292,6.946035,-2.967547,150.926986,21.175731,13.628326,1.145508,0.0,0.0,0.0
24.35,6.944002,-2.985086,158.91568,10.467932,5.479543,0.0,0.0,0.0,10.175095
24.41,6.931078,-3.013285,166.610934,2.060864,0.997434,0.0,0.0,0.0,9.803637
24.472,6.905757,-3.040552,171.919737,0.058082,-1.903263,0.0,0.0,14.904131,4.717543
24.534,6.865326,-3.057876,174.574474,4.153497,-3.304743,0.0,0.0,0.0,0.0
24.594,6.828656,-3.076373,177.687162,10.001492,-2.130784,0.0,0.0,0.0,0.0
24.652,6.797664,-3.093787,-179.286056,16.030933,-1.715226,48.414103,0.0,0.0,0.0
24.714,6.748985,-3.084601,179.225427,4.721413,8.836849,11.170165,0.0,0.0,0.0
24.772,6.680894,-3.082709,178.274622,3.514332,9.200699,20.883147,0.0,0.0,0.0
24.832,6.588004,-3.083185,177.869306,0.63555,6.445543,5.146228,2.337376,5.489664,15.404168
24.892,6.47759,-3.092551,177.890256,4.655266,2.453561,0.0,0.0,11.297044,9.273357
24.952,6.326583,-3.0932,176.831202,2.224993,-1.522792,0.0,0.0,15.174143,0.0
25.012,6.160857,-3.08798,175.602957,-0.156141,-10.735845,0.0,0.0,0.0,0.0
25.07,6.000298,-3.085746,175.503865,-2.312391,-12.979569,0.0,0.0,0.0,0.0
25.132,5.842038,-3.097429,-179.175446,4.364268,-5.471703,15.882386,0.0,0.0,0.0
25.194000000000003,5.771985,-3.104737,-172.098493,7.561422,-1.164725,12.153952,11.705451,0.0,0.0
25.256,5.737859,-3.107514,-167.232223,5.690296,-0.568464,19.408121,2.90349,0.0,0.0
25.316000000000003,5.692407,-3.081695,-167.337168,-4.880641,11.785978,0.0,0.0,0.0,0.0
25.378,5.630046,-3.052354,-172.920272,-7.906873,8.492458,0.0,0.0,9.794729,7.782275
25.438,5.54852,-3.031435,-175.287807,-9.600876,3.343728,0.0,0.0,11.257596,24.906743
25.5,5.423226,-3.008186,-177.339035,-6.361387,4.960252,0.0,0.0,0.0,0.0
25.562,5.289676,-2.985748,-179.565285,-2.504027,3.982381,0.0,0.0,0.0,0.0
25.626,5.153421,-2.963733,178.382828,0.884616,1.170955,0.0,0.0,0.0,0.0
25.688,5.032265,-2.935266,175.670218,1.378474,3.821983,9.323282,0.0,0.0,0.0
25.75,4.917131,-2.909484,174.645159,-1.520379,15.195244,7.963742,10.211617,0.0,0.0
25.812,4.794404,-2.888979,174.156478,-3.910408,10.148061,0.0,14.099434,0.0,0.0
25.878,4.657809,-2.889065,175.446094,-7.564705,-1.46179,0.0,0.0,13.501269,10.117415
25.94,4.507639,-2.897514,175.775261,-3.351269,-2.653912,0.0,0.0,23.916766,0.0
26.002,4.336862,-2.902459,177.567225,2.296919,-6.354837,0.0,0.0,0.0,0.0
26.06,4.176471,-2.906572,179.342203,6.656518,-2.083813,0.0,0.0,0.0,0.0
26.122,4.003369,-2.912894,-178.008959,8.921217,3.58951,0.0,0.0,0.0,0.0
26.182,3.854442,-2.94108,-173.619239,10.94174,0.405827,7.000501,9.385468,0.0,0.0
26.244,3.731238,-2.985251,-169.560084,10.637099,2.892324,10.60122,0.0,0.0,0.0
26.304,3.601213,-2.971709,-173.462687,2.278398,8.336046,0.0,11.253902,0.0,0.0
26.364,3.477554,-2.950984,-178.407556,0.377416,8.753191,0.0,0.0,0.0,10.978748
26.424,3.33554,-2.932969,174.890717,3.767272,11.913892,0.0,0.0,0.0,2.583109
26.482,3.193581,-2.917444,168.488384,8.140057,5.668152,0.0,0.0,0.0,0.0
26.542,3.050633,-2.89852,160.699925,11.140393,1.73444,0.0,0.0,0.0,0.0
26.602,2.908735,-2.884072,154.144613,12.419419,-8.147768,53.595689,0.0,0.0,0.0
26.662000000000003,2.82982,-2.902586,161.27009,19.677475,-5.1792,1.226648,3.301259,0.0,0.0
26.722,2.81847,-2.911965,167.80675,23.269865,3.596561,7.120176,6.867739,0.0,0.0
26.78,2.818623,-2.912781,170.073485,25.267373,5.62027,8.509187,11.199476,0.0,0.0
26.838,2.815939,-2.907141,169.410558,25.185953,11.534342,0.0,13.905939,0.0,5.625173
26.9,2.802247,-2.902461,166.748882,26.629076,2.141017,0.0,0.0,8.074469,9.636945
26.96,2.771525,-2.898787,167.188388,28.528257,-3.529882,0.0,0.0,10.339269,12.503043
27.02,2.723912,-2.893876,168.731622,29.406783,-3.416307,0.0,0.0,14.435617,0.0
27.08,2.701161,-2.901491,174.611061,27.91776,-3.287204,0.0,0.0,0.0,0.0
27.138,2.692209,-2.903466,177.878774,23.145323,1.04669,23.284199,10.865341,0.0,14.606163
27.198,2.69179,-2.901522,177.62106,21.387601,1.52231,8.33551,8.533395,0.0,5.931749
27.258000000000003,2.669685,-2.883643,174.761449,22.151273,8.376677,6.634715,5.861635,0.0,0.0
27.316000000000003,2.652089,-2.86402,171.62364,25.966842,11.484221,0.0,0.0,0.0,0.0
27.378,2.639764,-2.844522,167.359413,28.83353,4.699938,0.0,0.0,9.971626,5.960864
27.436,2.637531,-2.842302,166.281642,30.263309,5.04724,0.0,0.0,5.428917,6.873554
27.498,2.620942,-2.835243,165.787652,32.068397,-1.643592,0.0,0.0,12.242793,0.0
27.558,2.610177,-2.833551,168.608917,30.078555,-6.480943,0.0,0.0,0.0,0.0
27.618,2.608267,-2.83529,172.728348,23.659465,-3.658193,0.0,0.0,0.0,0.0
27.68,2.610721,-2.836346,175.118251,17.889972,-1.616093,7.521999,9.495413,0.0,0.0
27.74,2.607688,-2.831426,173.600719,21.230422,-0.175158,14.210989,10.780222,0.0,0.0
27.798,2.604287,-2.827707,172.149243,24.163062,6.221584,8.630166,7.494825,0.0,0.0
27.858,2.603288,-2.828214,170.968844,27.177452,1.401767,0.0,0.0,19.787076,10.327595
27.916,2.584376,-2.835671,171.036711,26.842148,-5.610695,0.0,0.0,13.993297,9.551464
27.976000000000003,2.520917,-2.839774,171.753132,23.075641,-0.08939,0.0,0.0,8.77737,0.0
28.036,2.450802,-2.849671,175.366422,25.394456,-4.43359,0.0,0.0,0.0,0.0
28.094,2.393238,-2.867389,-178.168354,26.680746,-7.619522,0.0,0.0,0.0,0.0
28.156,2.365136,-2.895331,-167.703395,21.707883,6.722423,13.191895,9.441897,0.0,0.0
28.216,2.359646,-2.88955,-167.973274,22.911127,5.881726,12.885696,9.035603,0.0,0.0
28.276,2.341068,-2.86427,-173.400255,25.54331,12.56128,0.0,4.578886,0.0,0.0
28.336,2.326425,-2.844543,-179.041919,25.478386,0.811526,9.655137,0.0,0.0,0.0
28.398,2.321314,-2.842623,179.449593,25.282619,0.192438,0.0,0.0,8.122689,9.859556
28.456,2.32078,-2.842875,177.754925,30.270876,-2.474238,0.0,0.0,10.307588,3.934185
28.516,2.308534,-2.851799,-179.023125,34.513752,-14.607445,0.0,0.0,6.903609,0.0
28.576,2.275643,-2.864172,-173.961761,34.754591,-9.060562,0.0,0.0,0.0,0.0
28.638,2.251695,-2.881191,-165.88205,29.718065,-1.716563,0.0,0.0,0.0,0.0
28.7,2.242282,-2.884856,-161.494322,23.989905,3.908143,8.521604,8.737948,0.0,0.0
28.758000000000003,2.202539,-2.865155,-164.283365,13.88222,16.024067,16.740971,18.964079,0.0,0.0
28.816000000000003,2.165714,-2.827729,-169.503764,7.470898,14.31525,0.0,0.0,0.0,0.0
28.876,2.125666,-2.79182,-175.649243,4.200681,-3.634684,0.0,0.0,7.89803,10.150647
28.934,2.044327,-2.791017,-178.254466,-1.128091,-5.425629,0.0,0.0,26.330389,5.151176
28.994,1.930368,-2.800689,-178.140403,-5.12973,-6.59178,0.0,0.0,7.358769,0.0
29.054,1.806294,-2.817899,-175.539097,-5.35606,-7.097245,0.0,0.0,0.0,0.0
29.112,1.686616,-2.83331,-173.260558,-4.736162,-6.628614,0.0,0.0,0.0,0.0
29.17,1.57002,-2.845625,-171.396678,-5.471803,-5.334926,10.431319,0.0,0.0,0.0
29.230000000000004,1.452611,-2.845773,-174.485678,-6.478361,12.090706,19.182829,6.456672,0.0,0.0
29.292,1.348772,-2.836836,179.688963,-3.178383,8.120894,0.0,10.7029,0.0,0.0
29.352000000000004,1.26695,-2.861918,-179.603665,-9.037021,6.022064,0.0,0.0,0.0,8.525269
29.410000000000004,1.189467,-2.897197,-177.955328,-12.338946,-6.921599,0.0,0.0,12.97278,3.573541
29.47,1.108516,-2.940256,-172.410135,-5.026551,-4.191187,0.0,0.0,8.625525,0.0
29.528,1.030563,-2.979469,-166.749561,1.661142,-1.812391,0.0,0.0,0.0,0.0
29.588,0.954456,-3.020867,-160.296542,7.287052,0.020285,0.0,0.0,0.0,0.0
